open_time,open,high,low,close,volume,close_time,quote_volume,trades,taker_buy_base,taker_buy_quote,quote_asset_volume,ignore
2024-09-05 00:00:00+00:00,135.0,137.14,127.81,128.65,1711.953,2024-09-05 23:59:59.999,225052.58606,1462,1052.076,138335.38992,,
2024-09-06 00:00:00+00:00,128.12,130.99,119.53,127.0,1927.837,2024-09-06 23:59:59.999,241350.22401,1638,799.861,100482.89085,,
2024-09-07 00:00:00+00:00,125.71,130.79,124.05,124.92,1005.651,2024-09-07 23:59:59.999,127539.94396,1527,397.922,50790.52911,,
2024-09-08 00:00:00+00:00,124.75,130.22,123.79,126.15,861.844,2024-09-08 23:59:59.999,108358.23826,803,455.922,57472.10573,,
2024-09-09 00:00:00+00:00,126.07,142.22,124.67,140.55,1928.004,2024-09-09 23:59:59.999,261512.88555,3486,792.962,107487.05097,,
2024-09-10 00:00:00+00:00,140.12,153.18,136.35,150.79,3075.212,2024-09-10 23:59:59.999,450669.21173,2495,1223.032,177935.75929,,
2024-09-11 00:00:00+00:00,150.41,160.05,145.34,149.56,5343.397,2024-09-11 23:59:59.999,801918.88993,3712,1966.646,297811.98319,,
2024-09-12 00:00:00+00:00,149.58,155.02,141.78,145.4,3621.779,2024-09-12 23:59:59.999,535327.58421,5672,2025.226,301683.22966,,
2024-09-13 00:00:00+00:00,145.02,146.36,138.88,144.26,2640.653,2024-09-13 23:59:59.999,376758.85502,4731,1224.3,174728.52934,,
2024-09-14 00:00:00+00:00,144.4,144.4,136.9,140.27,1663.459,2024-09-14 23:59:59.999,232900.25764,2659,537.193,75176.61146,,
2024-09-15 00:00:00+00:00,140.23,149.84,140.19,143.57,2315.308,2024-09-15 23:59:59.999,336942.56261,3081,1226.961,178809.7289,,
2024-09-16 00:00:00+00:00,143.23,143.66,137.22,141.01,1631.208,2024-09-16 23:59:59.999,227611.49156,1341,1268.141,176774.76152,,
2024-09-17 00:00:00+00:00,140.25,147.85,136.78,140.57,2098.994,2024-09-17 23:59:59.999,297925.59428,2659,1036.461,147725.40232,,
2024-09-18 00:00:00+00:00,140.56,141.81,134.21,141.54,2141.897,2024-09-18 23:59:59.999,293539.67533,1358,1071.841,147455.92363,,
2024-09-19 00:00:00+00:00,141.81,152.77,141.61,150.14,2145.385,2024-09-19 23:59:59.999,315634.78894,1517,1033.828,152643.52648,,
2024-09-20 00:00:00+00:00,150.2,157.57,147.7,153.14,1416.355,2024-09-20 23:59:59.999,217049.07949,869,464.044,71242.65107,,
2024-09-21 00:00:00+00:00,153.32,154.65,145.0,153.99,974.622,2024-09-21 23:59:59.999,146856.41452,625,360.868,54594.83983,,
2024-09-22 00:00:00+00:00,154.72,162.52,154.42,162.4,1709.008,2024-09-22 23:59:59.999,270476.64862,1753,923.551,146185.58159,,
2024-09-23 00:00:00+00:00,161.82,180.13,159.13,172.06,3499.866,2024-09-23 23:59:59.999,599641.98151,3268,2049.19,352252.23819,,
2024-09-24 00:00:00+00:00,172.82,173.28,163.51,166.85,2332.102,2024-09-24 23:59:59.999,389765.42562,4998,922.556,154293.16069,,
2024-09-25 00:00:00+00:00,165.98,173.72,163.9,165.21,2141.828,2024-09-25 23:59:59.999,359392.10866,3402,1052.822,177167.23498,,
2024-09-26 00:00:00+00:00,165.2,170.9,160.5,165.26,2853.432,2024-09-26 23:59:59.999,475778.0446,6462,997.977,166622.15989,,
2024-09-27 00:00:00+00:00,165.23,173.95,163.64,171.35,2440.052,2024-09-27 23:59:59.999,411391.48866,3533,1012.297,170657.24117,,
2024-09-28 00:00:00+00:00,170.19,171.14,161.56,164.04,1697.093,2024-09-28 23:59:59.999,280616.61824,3637,611.214,101276.03743,,
2024-09-29 00:00:00+00:00,163.91,164.98,156.03,160.54,1756.893,2024-09-29 23:59:59.999,283409.22416,2988,581.515,94000.73616,,
2024-09-30 00:00:00+00:00,161.42,161.47,154.8,156.61,2161.484,2024-09-30 23:59:59.999,340523.43573,2790,1072.652,169003.91982,,
2024-10-01 00:00:00+00:00,156.25,164.51,138.0,144.92,3561.863,2024-10-01 23:59:59.999,542872.12487,3402,1283.772,197755.95803,,
2024-10-02 00:00:00+00:00,144.69,150.0,137.0,139.29,2662.369,2024-10-02 23:59:59.999,380868.55913,1638,788.182,112836.08651,,
2024-10-03 00:00:00+00:00,139.31,146.37,134.29,143.74,2931.666,2024-10-03 23:59:59.999,412751.07017,2097,1402.335,197930.16402,,
2024-10-04 00:00:00+00:00,143.54,153.6,141.67,151.09,2749.316,2024-10-04 23:59:59.999,409817.51773,1496,1424.03,212859.59365,,
2024-10-05 00:00:00+00:00,151.67,151.77,146.16,148.77,983.046,2024-10-05 23:59:59.999,146648.31008,724,653.258,97503.79524,,
2024-10-06 00:00:00+00:00,148.32,150.55,146.25,149.99,1193.387,2024-10-06 23:59:59.999,177105.88739,762,309.719,46028.96739,,
2024-10-07 00:00:00+00:00,149.99,154.76,145.45,146.69,1373.478,2024-10-07 23:59:59.999,205966.71905,1445,525.764,79038.48351,,
2024-10-08 00:00:00+00:00,147.3,147.49,141.57,143.08,1217.949,2024-10-08 23:59:59.999,176147.9186,1017,644.303,93222.62072,,
2024-10-09 00:00:00+00:00,142.98,143.95,138.43,139.42,1245.409,2024-10-09 23:59:59.999,176239.97043,1622,475.274,67358.67973,,
2024-10-10 00:00:00+00:00,139.36,145.1,135.0,140.61,2863.857,2024-10-10 23:59:59.999,402001.91583,3705,1118.549,157309.34598,,
2024-10-11 00:00:00+00:00,140.6,145.71,140.32,143.89,1906.64,2024-10-11 23:59:59.999,273519.17898,2707,982.977,141101.50195,,
2024-10-12 00:00:00+00:00,143.84,156.95,143.31,154.71,5781.696,2024-10-12 23:59:59.999,868988.63409,8625,2769.847,415654.06275,,
2024-10-13 00:00:00+00:00,154.81,155.75,150.62,154.88,4243.054,2024-10-13 23:59:59.999,648490.31167,5315,2142.943,327436.68366,,
2024-10-14 00:00:00+00:00,154.77,165.29,153.04,162.96,6103.904,2024-10-14 23:59:59.999,980782.14058,7645,3386.313,544042.43105,,
2024-10-15 00:00:00+00:00,162.96,166.01,152.67,156.76,3559.558,2024-10-15 23:59:59.999,565672.35221,5847,1538.582,244822.45533,,
2024-10-16 00:00:00+00:00,156.81,159.83,153.66,155.79,2310.009,2024-10-16 23:59:59.999,362232.19276,3865,848.678,133274.91676,,
2024-10-17 00:00:00+00:00,155.83,157.61,150.21,153.0,1548.445,2024-10-17 23:59:59.999,238801.17151,2943,692.262,106954.0721,,
2024-10-18 00:00:00+00:00,152.94,159.04,152.24,158.98,1793.063,2024-10-18 23:59:59.999,279559.78871,3272,891.046,138893.91814,,
2024-10-19 00:00:00+00:00,159.06,159.83,155.82,158.14,1315.861,2024-10-19 23:59:59.999,207761.8151,2771,710.828,112162.67345,,
2024-10-20 00:00:00+00:00,158.37,160.53,156.08,158.94,1153.786,2024-10-20 23:59:59.999,182671.03676,3008,481.879,76343.29186,,
2024-10-21 00:00:00+00:00,158.92,159.76,151.46,153.27,1757.097,2024-10-21 23:59:59.999,271528.97739,4412,714.483,110354.49494,,
2024-10-22 00:00:00+00:00,153.59,155.1,149.0,152.61,1242.162,2024-10-22 23:59:59.999,189264.10751,2334,538.026,82124.67373,,
2024-10-23 00:00:00+00:00,152.78,152.78,143.88,149.55,2379.514,2024-10-23 23:59:59.999,352466.8671,6021,764.635,113058.36261,,
2024-10-24 00:00:00+00:00,149.55,153.01,145.84,147.46,3463.81,2024-10-24 23:59:59.999,520400.85664,6260,658.028,98343.1186,,
2024-10-25 00:00:00+00:00,147.54,149.4,131.59,137.86,2334.004,2024-10-25 23:59:59.999,333120.64171,4389,740.197,105956.91001,,
2024-10-26 00:00:00+00:00,137.86,143.5,136.43,142.59,2753.27,2024-10-26 23:59:59.999,389066.31684,5618,700.56,99135.06294,,
2024-10-27 00:00:00+00:00,142.58,148.37,141.69,147.72,1137.661,2024-10-27 23:59:59.999,164530.68318,2746,471.535,68309.23288,,
2024-10-28 00:00:00+00:00,147.84,154.21,145.3,151.67,5924.972,2024-10-28 23:59:59.999,892573.27757,8958,2533.54,382571.25483,,
2024-10-29 00:00:00+00:00,151.47,155.24,149.0,151.84,7497.759,2024-10-29 23:59:59.999,1139220.07604,9401,2574.638,396071.40107,,
2024-10-30 00:00:00+00:00,151.19,158.22,148.73,156.06,9722.636,2024-10-30 23:59:59.999,1510503.62757,12272,4842.311,750544.26364,,
2024-10-31 00:00:00+00:00,156.15,157.55,140.76,143.32,3471.09,2024-10-31 23:59:59.999,508653.27669,5236,1423.204,209166.29611,,
2024-11-01 00:00:00+00:00,143.22,146.93,139.57,141.4,2055.727,2024-11-01 23:59:59.999,293944.80799,2842,986.836,141342.92818,,
2024-11-02 00:00:00+00:00,141.85,143.67,136.97,138.34,1223.449,2024-11-02 23:59:59.999,170852.02311,1532,523.249,73084.82712,,
2024-11-03 00:00:00+00:00,138.07,138.13,128.2,132.9,3606.549,2024-11-03 23:59:59.999,479532.1453,5235,1470.65,195973.20408,,
2024-11-04 00:00:00+00:00,132.77,134.82,125.76,128.13,4352.987,2024-11-04 23:59:59.999,565447.25882,9051,2178.392,283425.19105,,
2024-11-05 00:00:00+00:00,128.24,136.63,127.87,135.66,4482.258,2024-11-05 23:59:59.999,591817.85336,5437,1962.27,258925.66597,,
2024-11-06 00:00:00+00:00,135.81,176.34,135.81,173.66,42402.486,2024-11-06 23:59:59.999,6756182.79941,45420,20614.634,3274637.49297,,
2024-11-07 00:00:00+00:00,173.78,190.76,173.48,183.63,40862.763,2024-11-07 23:59:59.999,7500732.18654,43670,22639.622,4165279.23315,,
2024-11-08 00:00:00+00:00,183.7,185.05,175.0,182.1,12026.707,2024-11-08 23:59:59.999,2168661.31472,10073,5884.909,1061763.6803,,
2024-11-09 00:00:00+00:00,182.13,199.46,181.25,195.45,26900.235,2024-11-09 23:59:59.999,5146182.98546,20199,11904.368,2275211.79351,,
2024-11-10 00:00:00+00:00,195.41,198.57,181.23,190.22,25386.941,2024-11-10 23:59:59.999,4905404.9,23452,12830.295,2486380.7562,,
2024-11-11 00:00:00+00:00,189.77,195.36,182.5,193.6,21341.621,2024-11-11 23:59:59.999,4031824.27867,14271,12174.307,2304333.5974,,
2024-11-12 00:00:00+00:00,193.57,196.93,172.63,179.87,25527.731,2024-11-12 23:59:59.999,4671111.37148,11020,14533.37,2646513.56234,,
2024-11-13 00:00:00+00:00,179.44,188.02,167.51,173.44,24028.044,2024-11-13 23:59:59.999,4266322.15735,16455,11277.699,1987396.43345,,
2024-11-14 00:00:00+00:00,173.3,176.92,155.68,158.08,10501.377,2024-11-14 23:59:59.999,1749344.5306,5460,5477.863,912830.47243,,
2024-11-15 00:00:00+00:00,157.97,166.43,147.88,164.47,13419.818,2024-11-15 23:59:59.999,2127449.03779,7780,6832.147,1085700.181,,
2024-11-16 00:00:00+00:00,164.27,175.94,161.95,169.07,8401.017,2024-11-16 23:59:59.999,1420307.92856,6146,5005.994,846461.19758,,
2024-11-17 00:00:00+00:00,169.08,172.36,159.43,162.1,6021.791,2024-11-17 23:59:59.999,998011.95497,4322,3147.378,521887.20992,,
2024-11-18 00:00:00+00:00,161.95,172.91,161.23,170.19,8110.362,2024-11-18 23:59:59.999,1363815.84567,6687,4104.803,690705.15553,,
2024-11-19 00:00:00+00:00,171.1,173.48,158.53,162.2,10627.089,2024-11-19 23:59:59.999,1734281.07931,6161,4929.736,807134.60196,,
2024-11-20 00:00:00+00:00,162.12,168.13,153.46,156.87,6225.049,2024-11-20 23:59:59.999,996470.68581,4807,2715.701,434756.98674,,
2024-11-21 00:00:00+00:00,156.91,170.97,152.06,169.39,8321.051,2024-11-21 23:59:59.999,1362612.97476,8230,4002.645,654873.82997,,
2024-11-22 00:00:00+00:00,169.42,173.74,160.47,173.74,9863.014,2024-11-22 23:59:59.999,1653508.88009,8292,4591.789,766167.30157,,
2024-11-23 00:00:00+00:00,173.65,184.28,170.07,174.48,12672.621,2024-11-23 23:59:59.999,2226933.71821,9931,7253.093,1271944.95665,,
2024-11-24 00:00:00+00:00,174.63,183.63,161.22,171.32,10513.991,2024-11-24 23:59:59.999,1810850.86505,10180,5763.921,998038.22883,,
2024-11-25 00:00:00+00:00,171.16,189.42,166.18,181.37,11038.735,2024-11-25 23:59:59.999,1984809.48986,9270,5749.521,1037024.35364,,
2024-11-26 00:00:00+00:00,181.14,184.1,164.65,181.73,9702.354,2024-11-26 23:59:59.999,1688863.69316,9741,4907.126,856411.6093,,
2024-11-27 00:00:00+00:00,181.55,211.65,180.61,210.34,26204.661,2024-11-27 23:59:59.999,5212618.92074,28528,11680.979,2315961.08633,,
2024-11-28 00:00:00+00:00,210.84,211.44,197.73,200.23,9704.72,2024-11-28 23:59:59.999,1976360.97686,11590,5847.77,1190828.4294,,
2024-11-29 00:00:00+00:00,200.36,202.38,194.79,198.89,6034.961,2024-11-29 23:59:59.999,1202248.23633,7960,3125.027,623122.87775,,
2024-11-30 00:00:00+00:00,199.05,212.77,197.76,211.88,9462.087,2024-11-30 23:59:59.999,1945310.28662,9596,4974.01,1023083.6714,,
2024-12-01 00:00:00+00:00,212.07,214.81,201.32,209.15,7026.904,2024-12-01 23:59:59.999,1455096.47823,7471,3220.371,666800.69293,,
2024-12-02 00:00:00+00:00,209.35,241.42,204.03,235.31,23217.343,2024-12-02 23:59:59.999,5199095.58153,21104,11788.202,2657831.08642,,
2024-12-03 00:00:00+00:00,235.55,249.4,221.65,240.59,17372.735,2024-12-03 23:59:59.999,4119177.19124,13938,8960.006,2127669.62479,,
2024-12-04 00:00:00+00:00,240.74,273.59,236.27,256.76,17227.171,2024-12-04 23:59:59.999,4406415.95503,16468,9084.805,2328870.00081,,
2024-12-05 00:00:00+00:00,256.81,267.0,238.13,247.99,13769.396,2024-12-05 23:59:59.999,3483995.14833,18813,6551.808,1654566.35106,,
2024-12-06 00:00:00+00:00,247.68,291.41,246.87,282.25,16767.326,2024-12-06 23:59:59.999,4549174.9646,22624,9528.607,2595373.30684,,
2024-12-07 00:00:00+00:00,282.1,297.6,278.54,282.51,7835.555,2024-12-07 23:59:59.999,2234489.05717,10156,3530.706,1009248.66489,,
2024-12-08 00:00:00+00:00,282.35,285.25,273.94,282.89,6880.328,2024-12-08 23:59:59.999,1927149.81459,9938,2668.28,747359.74733,,
2024-12-09 00:00:00+00:00,282.93,284.14,222.56,260.84,13674.747,2024-12-09 23:59:59.999,3574756.40256,18570,6109.659,1601403.07997,,
2024-12-10 00:00:00+00:00,260.1,288.14,246.09,276.76,21961.286,2024-12-10 23:59:59.999,5904928.31373,29922,11130.282,3006735.74338,,
2024-12-11 00:00:00+00:00,276.52,307.77,260.11,302.98,16223.597,2024-12-11 23:59:59.999,4576311.21457,24864,7953.668,2253884.47697,,
2024-12-12 00:00:00+00:00,301.52,388.0,295.13,367.07,31970.44,2024-12-12 23:59:59.999,11402143.21894,52411,20131.648,7191018.00818,,
2024-12-13 00:00:00+00:00,367.04,391.18,350.64,377.51,13052.318,2024-12-13 23:59:59.999,4813026.00745,21991,6357.929,2346471.23656,,
2024-12-14 00:00:00+00:00,377.71,396.0,359.52,365.81,13359.86,2024-12-14 23:59:59.999,5005380.51394,21318,5733.351,2157638.23629,,
2024-12-15 00:00:00+00:00,365.67,381.3,355.0,368.4,10918.206,2024-12-15 23:59:59.999,3994822.21216,18955,5935.146,2168638.86611,,
2024-12-16 00:00:00+00:00,368.85,399.88,361.52,379.22,23474.715,2024-12-16 23:59:59.999,8982753.01134,38948,11290.125,4326350.77708,,
2024-12-17 00:00:00+00:00,379.02,388.54,356.77,361.17,12416.09,2024-12-17 23:59:59.999,4586057.71413,13643,5838.4,2155530.97081,,
2024-12-18 00:00:00+00:00,362.0,380.21,335.57,339.91,15404.282,2024-12-18 23:59:59.999,5586245.3196,16432,7446.754,2702488.59892,,
2024-12-19 00:00:00+00:00,339.37,350.31,297.66,314.99,25533.461,2024-12-19 23:59:59.999,8302590.82655,26334,11377.456,3694329.84252,,
2024-12-20 00:00:00+00:00,315.39,340.7,270.07,329.18,36671.913,2024-12-20 23:59:59.999,11255473.77572,28537,17456.661,5341324.46684,,
2024-12-21 00:00:00+00:00,329.35,343.87,294.71,298.73,22274.289,2024-12-21 23:59:59.999,7054661.68833,18407,10279.369,3259915.46537,,
2024-12-22 00:00:00+00:00,299.15,323.32,291.03,318.73,14953.82,2024-12-22 23:59:59.999,4562842.11614,12061,7016.777,2144088.89241,,
2024-12-23 00:00:00+00:00,318.71,388.42,308.47,382.97,20812.743,2024-12-23 23:59:59.999,7201905.83206,23869,11297.902,3913758.80169,,
2024-12-24 00:00:00+00:00,382.76,389.53,365.0,375.07,9165.394,2024-12-24 23:59:59.999,3448224.05987,8639,4148.565,1563305.18904,,
2024-12-25 00:00:00+00:00,375.15,385.67,364.38,369.75,7163.132,2024-12-25 23:59:59.999,2671331.66811,7078,3233.9,1206637.124,,
2024-12-26 00:00:00+00:00,371.0,371.49,330.31,337.52,7806.091,2024-12-26 23:59:59.999,2674730.97895,8562,3921.02,1338004.12481,,
2024-12-27 00:00:00+00:00,337.54,352.88,319.94,323.56,9981.088,2024-12-27 23:59:59.999,3339317.91898,18311,5171.032,1732358.34135,,
2024-12-28 00:00:00+00:00,324.13,361.52,318.88,353.94,9634.449,2024-12-28 23:59:59.999,3272174.13678,7672,4450.878,1517784.61986,,
2024-12-29 00:00:00+00:00,354.26,355.09,325.55,331.82,7763.546,2024-12-29 23:59:59.999,2603739.24063,8816,3795.977,1269131.45213,,
2024-12-30 00:00:00+00:00,332.1,344.09,318.0,321.44,14571.732,2024-12-30 23:59:59.999,4824895.74112,13882,7404.949,2455453.36205,,
2024-12-31 00:00:00+00:00,321.45,327.9,305.6,308.02,10521.505,2024-12-31 23:59:59.999,3313275.92747,10297,5092.381,1601825.59096,,
2025-01-01 00:00:00+00:00,308.5,322.0,306.2,319.23,8203.211,2025-01-01 23:59:59.999,2574874.4686,7383,4143.933,1301131.01666,,
2025-01-02 00:00:00+00:00,319.34,339.58,318.25,333.38,7175.474,2025-01-02 23:59:59.999,2383734.19734,9245,3717.963,1235565.29853,,
2025-01-03 00:00:00+00:00,334.14,355.93,317.17,350.55,9849.945,2025-01-03 23:59:59.999,3347664.58765,10211,4738.218,1608232.52675,,
2025-01-04 00:00:00+00:00,350.89,362.34,337.14,351.41,15694.659,2025-01-04 23:59:59.999,5506294.87215,14969,7763.742,2730161.35097,,
2025-01-05 00:00:00+00:00,351.51,352.4,339.24,341.41,4212.336,2025-01-05 23:59:59.999,1449090.64723,5581,1820.926,626405.54597,,
2025-01-06 00:00:00+00:00,341.71,355.94,335.27,341.02,7984.329,2025-01-06 23:59:59.999,2743359.7653,11373,4561.921,1568566.71725,,
2025-01-07 00:00:00+00:00,341.66,343.27,305.54,306.81,10381.839,2025-01-07 23:59:59.999,3319583.13404,14653,4208.22,1352678.53358,,
2025-01-08 00:00:00+00:00,306.88,312.39,275.66,293.39,17405.295,2025-01-08 23:59:59.999,5107739.39348,20318,7809.336,2292597.89156,,
2025-01-09 00:00:00+00:00,293.5,299.72,273.44,281.14,10140.821,2025-01-09 23:59:59.999,2873959.35546,12818,4852.799,1377020.25257,,
2025-01-10 00:00:00+00:00,281.35,300.74,277.18,285.89,10678.681,2025-01-10 23:59:59.999,3068504.12837,12648,5928.946,1704213.47964,,
2025-01-11 00:00:00+00:00,286.5,293.84,280.23,286.95,3424.632,2025-01-11 23:59:59.999,979700.89972,3347,1680.225,481101.16704,,
2025-01-12 00:00:00+00:00,287.38,295.49,284.68,288.01,3846.121,2025-01-12 23:59:59.999,1116264.89614,4380,1843.658,535530.27058,,
2025-01-13 00:00:00+00:00,287.61,296.53,256.0,289.26,20216.608,2025-01-13 23:59:59.999,5506321.576,15213,10072.148,2740797.6072,,
2025-01-14 00:00:00+00:00,289.62,301.74,285.49,295.5,9784.492,2025-01-14 23:59:59.999,2863742.35933,13384,4908.437,1435524.11985,,
2025-01-15 00:00:00+00:00,295.43,324.08,285.91,319.93,11292.97,2025-01-15 23:59:59.999,3467262.60474,11321,5206.817,1595816.03319,,
2025-01-16 00:00:00+00:00,320.55,321.32,305.06,311.12,7010.321,2025-01-16 23:59:59.999,2198079.45065,7231,3490.242,1095833.69351,,
2025-01-17 00:00:00+00:00,311.21,336.64,311.02,335.14,9463.976,2025-01-17 23:59:59.999,3091566.56621,10987,4738.524,1546517.43267,,
2025-01-18 00:00:00+00:00,335.21,342.0,306.03,315.08,10436.79,2025-01-18 23:59:59.999,3311583.38318,12350,4422.212,1407386.1113,,
2025-01-19 00:00:00+00:00,314.55,347.79,292.15,308.83,30704.857,2025-01-19 23:59:59.999,9898827.59696,34666,15452.275,5002282.26878,,
2025-01-20 00:00:00+00:00,308.64,364.78,296.01,337.07,52206.479,2025-01-20 23:59:59.999,17682700.05599,71806,26416.165,8984952.69254,,
2025-01-21 00:00:00+00:00,336.7,378.7,327.19,370.7,27760.478,2025-01-21 23:59:59.999,9924229.09662,44620,13238.666,4740813.65179,,
2025-01-22 00:00:00+00:00,370.76,372.36,345.36,346.45,11519.584,2025-01-22 23:59:59.999,4117694.88861,13213,5007.825,1788432.99227,,
2025-01-23 00:00:00+00:00,346.34,350.32,324.45,337.63,13415.318,2025-01-23 23:59:59.999,4513605.91473,20971,6768.666,2279578.21902,,
2025-01-24 00:00:00+00:00,337.57,357.49,327.97,334.88,10197.715,2025-01-24 23:59:59.999,3529532.46654,14960,5430.245,1882419.4301,,
2025-01-25 00:00:00+00:00,334.66,338.41,326.06,326.37,4407.484,2025-01-25 23:59:59.999,1464382.90959,7391,2113.734,702036.94989,,
2025-01-26 00:00:00+00:00,327.2,336.0,315.02,316.44,5336.601,2025-01-26 23:59:59.999,1745015.32509,6712,2299.137,752825.42686,,
2025-01-27 00:00:00+00:00,316.33,320.58,288.0,305.0,20378.092,2025-01-27 23:59:59.999,6116948.57226,25756,10896.633,3276598.63701,,
2025-01-28 00:00:00+00:00,304.86,307.64,280.52,284.11,9883.408,2025-01-28 23:59:59.999,2919493.16177,11684,4756.587,1405788.27239,,
2025-01-29 00:00:00+00:00,283.98,301.8,282.41,290.66,11641.291,2025-01-29 23:59:59.999,3414282.31032,14890,5784.287,1696726.62293,,
2025-01-30 00:00:00+00:00,290.56,322.46,287.0,315.49,12412.303,2025-01-30 23:59:59.999,3850329.42565,14252,5976.594,1845389.13194,,
2025-01-31 00:00:00+00:00,315.63,349.0,312.32,332.49,21538.84,2025-01-31 23:59:59.999,7158256.15411,27401,10446.666,3480427.95863,,
2025-02-01 00:00:00+00:00,333.24,333.3,295.01,296.08,16501.62,2025-02-01 23:59:59.999,5126855.58185,21338,7979.026,2466131.76842,,
2025-02-02 00:00:00+00:00,295.99,304.7,245.51,258.45,25298.396,2025-02-02 23:59:59.999,6942693.20727,45381,11750.115,3212207.93771,,
2025-02-03 00:00:00+00:00,258.45,299.0,192.51,276.73,62043.954,2025-02-03 23:59:59.999,14969270.84021,80632,29271.898,7089007.93699,,
2025-02-04 00:00:00+00:00,276.93,278.51,249.54,272.34,18598.009,2025-02-04 23:59:59.999,4882511.10873,26664,8639.929,2272595.5182,,
2025-02-05 00:00:00+00:00,272.55,283.34,256.06,259.76,14832.779,2025-02-05 23:59:59.999,4003214.89207,19091,7125.499,1926753.9246,,
2025-02-06 00:00:00+00:00,259.67,266.86,239.3,241.37,9990.592,2025-02-06 23:59:59.999,2527070.13926,12732,4849.204,1226399.84337,,
2025-02-07 00:00:00+00:00,241.49,262.24,231.1,238.0,13963.996,2025-02-07 23:59:59.999,3479984.69339,17720,5483.585,1363173.3145,,
2025-02-08 00:00:00+00:00,238.07,241.85,231.17,238.79,4952.972,2025-02-08 23:59:59.999,1166483.88044,4657,2257.384,531559.70289,,
2025-02-09 00:00:00+00:00,239.03,252.61,229.47,241.39,8084.755,2025-02-09 23:59:59.999,1963466.08458,7029,3942.466,959347.50016,,
2025-02-10 00:00:00+00:00,241.63,258.0,234.61,252.53,13155.942,2025-02-10 23:59:59.999,3280380.97775,10703,6076.264,1515250.64702,,
2025-02-11 00:00:00+00:00,253.11,262.58,242.0,243.76,12340.669,2025-02-11 23:59:59.999,3137876.69604,10293,6678.464,1693691.8949,,
2025-02-12 00:00:00+00:00,243.37,261.0,231.83,252.89,11901.931,2025-02-12 23:59:59.999,2901822.37995,11887,5605.822,1369200.60907,,
2025-02-13 00:00:00+00:00,252.95,258.12,246.75,256.47,8841.374,2025-02-13 23:59:59.999,2236712.00511,8128,4209.256,1065388.78351,,
2025-02-14 00:00:00+00:00,256.35,270.28,253.2,262.56,9792.677,2025-02-14 23:59:59.999,2589521.76275,12612,3313.451,871155.61691,,
2025-02-15 00:00:00+00:00,262.45,263.59,249.79,253.31,3579.275,2025-02-15 23:59:59.999,917685.17402,5901,1236.33,316864.57899,,
2025-02-16 00:00:00+00:00,253.29,258.98,250.07,253.6,3144.717,2025-02-16 23:59:59.999,799493.52764,5790,1438.852,365861.57646,,
2025-02-17 00:00:00+00:00,253.93,278.63,249.7,264.42,13508.539,2025-02-17 23:59:59.999,3587084.63546,17539,6521.24,1732475.06369,,
2025-02-18 00:00:00+00:00,264.4,266.06,240.77,249.49,9603.444,2025-02-18 23:59:59.999,2403891.00795,11738,4318.691,1084481.8076,,
2025-02-19 00:00:00+00:00,249.16,258.26,246.88,252.69,6430.047,2025-02-19 23:59:59.999,1627344.16663,7373,2914.486,738274.10904,,
2025-02-20 00:00:00+00:00,252.82,263.7,251.25,261.19,6722.006,2025-02-20 23:59:59.999,1736063.2514,9448,2626.613,678738.43522,,
2025-02-21 00:00:00+00:00,261.49,269.08,238.61,242.89,11190.913,2025-02-21 23:59:59.999,2831075.03504,11993,5290.044,1336928.30114,,
2025-02-22 00:00:00+00:00,242.78,251.7,239.18,247.16,6967.855,2025-02-22 23:59:59.999,1710428.26697,7608,2680.788,659258.1038,,
2025-02-23 00:00:00+00:00,247.27,254.06,243.41,247.65,4487.825,2025-02-23 23:59:59.999,1111342.36904,5611,2335.187,577967.96687,,
2025-02-24 00:00:00+00:00,247.88,249.29,205.35,210.84,12076.192,2025-02-24 23:59:59.999,2732496.08035,12387,5185.603,1172545.1306,,
2025-02-25 00:00:00+00:00,210.78,213.43,189.46,204.97,24552.17,2025-02-25 23:59:59.999,4866932.7141,22838,14035.823,2779819.33597,,
2025-02-26 00:00:00+00:00,204.96,211.55,192.0,202.52,17184.47,2025-02-26 23:59:59.999,3502278.61955,13915,8303.855,1693464.24976,,
2025-02-27 00:00:00+00:00,202.43,209.7,196.3,203.84,6312.676,2025-02-27 23:59:59.999,1289487.70556,6008,2676.191,547452.1802,,
2025-02-28 00:00:00+00:00,204.08,204.22,178.2,192.07,16977.316,2025-02-28 23:59:59.999,3172289.07251,16521,7845.93,1468505.29163,,
2025-03-01 00:00:00+00:00,192.09,196.9,183.6,195.15,6292.986,2025-03-01 23:59:59.999,1201205.06884,5899,3263.164,623604.49524,,
2025-03-02 00:00:00+00:00,194.72,226.99,190.0,223.28,17248.906,2025-03-02 23:59:59.999,3633477.00599,15766,8711.274,1837746.80295,,
2025-03-03 00:00:00+00:00,224.0,224.41,177.48,180.83,13021.453,2025-03-03 23:59:59.999,2591243.5781,30606,6015.858,1197491.78793,,
2025-03-04 00:00:00+00:00,180.75,216.91,167.26,206.65,41719.523,2025-03-04 23:59:59.999,8019049.00708,57556,19716.973,3748178.17963,,
2025-03-05 00:00:00+00:00,206.57,226.51,204.33,220.72,22035.726,2025-03-05 23:59:59.999,4762146.50596,27561,10215.588,2214399.24696,,
2025-03-06 00:00:00+00:00,220.92,239.97,208.27,208.38,21114.985,2025-03-06 23:59:59.999,4731178.09592,19850,10244.377,2313486.26544,,
2025-03-07 00:00:00+00:00,208.41,212.12,195.28,196.64,24015.682,2025-03-07 23:59:59.999,4938905.87386,49861,12899.127,2656059.07241,,
2025-03-08 00:00:00+00:00,196.65,199.28,185.19,195.65,12949.498,2025-03-08 23:59:59.999,2480819.74343,18570,6877.087,1317417.73384,,
2025-03-09 00:00:00+00:00,195.67,198.11,176.18,178.18,16652.708,2025-03-09 23:59:59.999,3118922.72606,23411,8285.016,1553616.16711,,
2025-03-10 00:00:00+00:00,178.67,201.92,175.29,180.25,26531.74,2025-03-10 23:59:59.999,4970027.21105,40113,13608.461,2546019.37832,,
2025-03-11 00:00:00+00:00,180.34,186.0,166.89,181.95,30092.758,2025-03-11 23:59:59.999,5299931.21359,43214,14760.262,2608408.88057,,
2025-03-12 00:00:00+00:00,182.04,184.31,163.84,174.79,26202.491,2025-03-12 23:59:59.999,4532721.34467,33553,13476.55,2332378.69439,,
2025-03-13 00:00:00+00:00,174.92,176.15,160.01,162.8,23747.356,2025-03-13 23:59:59.999,4032186.53648,26352,12010.081,2036136.77066,,
2025-03-14 00:00:00+00:00,162.8,177.16,162.02,172.97,16790.477,2025-03-14 23:59:59.999,2856266.35485,18272,8133.083,1380440.5517,,
2025-03-15 00:00:00+00:00,173.13,177.32,171.81,172.89,7003.242,2025-03-15 23:59:59.999,1219931.21547,9137,3224.755,561999.83171,,
2025-03-16 00:00:00+00:00,173.01,173.99,163.34,164.79,10452.253,2025-03-16 23:59:59.999,1759283.01124,13357,5016.698,843254.08057,,
2025-03-17 00:00:00+00:00,164.73,177.19,164.56,174.71,14204.004,2025-03-17 23:59:59.999,2434275.89936,25545,7960.714,1363824.81876,,
2025-03-18 00:00:00+00:00,174.72,175.3,164.88,170.06,14298.398,2025-03-18 23:59:59.999,2427872.75059,31573,8476.663,1439258.3509,,
2025-03-19 00:00:00+00:00,170.22,184.65,169.71,182.5,24694.438,2025-03-19 23:59:59.999,4403291.89577,48008,14232.501,2540278.13183,,
2025-03-20 00:00:00+00:00,182.5,183.07,171.54,178.66,28614.506,2025-03-20 23:59:59.999,5116819.96243,41505,20035.738,3599276.37649,,
2025-03-21 00:00:00+00:00,178.66,183.06,174.03,178.18,13032.594,2025-03-21 23:59:59.999,2323370.20058,20788,6817.171,1215118.25642,,
2025-03-22 00:00:00+00:00,178.46,183.68,178.25,179.78,10258.37,2025-03-22 23:59:59.999,1856809.94051,17672,5347.585,967998.54617,,
2025-03-23 00:00:00+00:00,179.72,186.49,179.48,185.0,23422.072,2025-03-23 23:59:59.999,4312422.1542,43336,15181.932,2799619.46802,,
2025-03-24 00:00:00+00:00,185.0,194.67,181.44,190.82,25169.201,2025-03-24 23:59:59.999,4768530.0369,43048,13866.355,2614391.95115,,
2025-03-25 00:00:00+00:00,190.8,192.56,185.42,186.75,13841.515,2025-03-25 23:59:59.999,2604064.48774,25027,7087.84,1333021.21401,,
2025-03-26 00:00:00+00:00,186.77,190.32,175.15,177.49,25433.03,2025-03-26 23:59:59.999,4660708.76571,26110,12258.678,2234920.24479,,
2025-03-27 00:00:00+00:00,177.47,186.19,177.2,184.66,15599.785,2025-03-27 23:59:59.999,2864564.97181,15748,8270.479,1520689.94768,,
2025-03-28 00:00:00+00:00,184.76,186.91,168.41,175.77,19032.365,2025-03-28 23:59:59.999,3332187.1761,18376,8907.752,1560991.95274,,
2025-03-29 00:00:00+00:00,175.72,180.52,165.68,168.07,18946.866,2025-03-29 23:59:59.999,3294884.08357,23722,9068.127,1581873.28538,,
2025-03-30 00:00:00+00:00,168.01,169.54,161.33,163.54,15765.575,2025-03-30 23:59:59.999,2608989.29197,28019,7427.764,1230577.77562,,
2025-03-31 00:00:00+00:00,163.73,164.58,151.83,159.52,23703.788,2025-03-31 23:59:59.999,3742125.59093,37659,13860.979,2181245.96495,,
2025-04-01 00:00:00+00:00,159.48,171.38,159.11,166.11,17339.137,2025-04-01 23:59:59.999,2895984.41095,31511,8142.868,1358925.39604,,
2025-04-02 00:00:00+00:00,166.11,168.92,149.52,150.2,33348.374,2025-04-02 23:59:59.999,5319096.24037,50673,16417.289,2617941.41937,,
2025-04-03 00:00:00+00:00,150.19,157.23,146.24,151.06,24940.747,2025-04-03 23:59:59.999,3755592.99893,29743,14878.569,2237500.8513,,
2025-04-04 00:00:00+00:00,151.14,154.0,144.31,151.94,23852.256,2025-04-04 23:59:59.999,3577324.56149,36476,10144.417,1519169.66397,,
2025-04-05 00:00:00+00:00,151.93,155.45,149.48,152.6,13181.876,2025-04-05 23:59:59.999,2007968.95749,18163,5729.16,873036.54125,,
2025-04-06 00:00:00+00:00,152.44,152.5,126.25,128.92,32911.983,2025-04-06 23:59:59.999,4506979.64213,45185,15303.631,2098552.67512,,
2025-04-07 00:00:00+00:00,128.98,136.18,113.94,131.92,94746.3,2025-04-07 23:59:59.999,11705145.81667,117609,44789.919,5533870.34119,,
2025-04-08 00:00:00+00:00,131.97,136.08,123.18,125.18,36931.312,2025-04-08 23:59:59.999,4769600.12584,35533,16615.971,2154412.14545,,
2025-04-09 00:00:00+00:00,125.2,145.12,119.79,143.11,41809.161,2025-04-09 23:59:59.999,5580746.80293,42391,19469.348,2587091.30275,,
2025-04-10 00:00:00+00:00,142.99,143.33,128.15,131.85,31660.311,2025-04-10 23:59:59.999,4272973.94569,32268,14869.909,2004724.17336,,
2025-04-11 00:00:00+00:00,131.83,139.46,131.23,136.43,29565.417,2025-04-11 23:59:59.999,4004949.11616,26805,14508.947,1968115.61118,,
2025-04-12 00:00:00+00:00,136.46,150.12,133.73,148.04,25905.888,2025-04-12 23:59:59.999,3723721.61753,25068,14210.19,2041703.36058,,
2025-04-13 00:00:00+00:00,148.1,148.34,136.6,139.06,23177.61,2025-04-13 23:59:59.999,3297254.74962,24582,11303.386,1605024.78252,,
2025-04-14 00:00:00+00:00,139.15,147.18,136.88,137.53,26031.402,2025-04-14 23:59:59.999,3685169.70949,31253,12520.011,1772002.96589,,
2025-04-15 00:00:00+00:00,137.68,142.09,133.54,134.21,22150.002,2025-04-15 23:59:59.999,3049110.09352,26225,10616.902,1461967.51155,,
2025-04-16 00:00:00+00:00,134.17,137.44,129.66,133.92,25676.451,2025-04-16 23:59:59.999,3446534.15797,32407,12470.002,1674825.28953,,
2025-04-17 00:00:00+00:00,133.93,141.55,133.87,138.85,23459.253,2025-04-17 23:59:59.999,3239901.46653,24396,10803.16,1492303.22139,,
2025-04-18 00:00:00+00:00,138.95,141.17,137.24,138.43,13132.53,2025-04-18 23:59:59.999,1828591.88969,12721,5163.555,718229.97905,,
2025-04-19 00:00:00+00:00,138.43,142.94,137.94,141.94,9867.14,2025-04-19 23:59:59.999,1383613.99228,10168,5304.316,743686.93049,,
2025-04-20 00:00:00+00:00,142.0,143.5,136.77,140.98,14217.415,2025-04-20 23:59:59.999,1986604.14871,12783,7176.951,1001557.67316,,
2025-04-21 00:00:00+00:00,140.95,146.08,139.13,142.83,17230.901,2025-04-21 23:59:59.999,2475720.21487,19757,9536.495,1371031.06424,,
2025-04-22 00:00:00+00:00,142.88,159.06,139.75,158.16,28480.644,2025-04-22 23:59:59.999,4296006.36222,27813,13141.876,1979467.66765,,
2025-04-23 00:00:00+00:00,158.76,168.88,157.87,168.18,29463.383,2025-04-23 23:59:59.999,4849507.46247,28468,16150.423,2658550.31781,,
2025-04-24 00:00:00+00:00,168.15,170.68,158.38,168.05,24605.549,2025-04-24 23:59:59.999,4058914.23024,24598,12141.422,2003909.72911,,
2025-04-25 00:00:00+00:00,168.05,170.84,163.04,166.56,24274.572,2025-04-25 23:59:59.999,4056826.05973,23933,11314.177,1892839.79365,,
2025-04-26 00:00:00+00:00,166.58,173.25,164.53,172.96,14266.279,2025-04-26 23:59:59.999,2417641.74212,19474,7513.025,1274047.19516,,
2025-04-27 00:00:00+00:00,173.05,179.74,165.55,166.66,16549.931,2025-04-27 23:59:59.999,2825023.2958,24037,8007.264,1366557.47367,,
2025-04-28 00:00:00+00:00,166.66,174.96,161.82,166.22,25144.259,2025-04-28 23:59:59.999,4227731.08793,33597,13045.704,2198620.92875,,
2025-04-29 00:00:00+00:00,166.36,171.3,163.38,165.75,15727.924,2025-04-29 23:59:59.999,2636270.96522,19796,8713.543,1460589.09932,,
2025-04-30 00:00:00+00:00,165.64,167.01,155.4,164.26,20576.117,2025-04-30 23:59:59.999,3339850.43058,22415,10657.957,1732022.47047,,
2025-05-01 00:00:00+00:00,164.22,179.41,164.22,173.06,28327.418,2025-05-01 23:59:59.999,4896437.06036,28863,13856.293,2396672.44023,,
2025-05-02 00:00:00+00:00,172.98,179.35,171.99,174.68,15913.242,2025-05-02 23:59:59.999,2779965.71226,20001,7967.446,1391984.61696,,
2025-05-03 00:00:00+00:00,174.59,181.1,169.63,178.12,21594.458,2025-05-03 23:59:59.999,3799573.01457,20866,8788.625,1538888.03281,,
2025-05-04 00:00:00+00:00,178.04,178.98,170.92,171.25,20076.157,2025-05-04 23:59:59.999,3509401.451,19399,10093.128,1764077.7396,,
2025-05-05 00:00:00+00:00,171.07,180.89,169.54,176.92,25791.559,2025-05-05 23:59:59.999,4561282.69526,27461,12145.649,2146720.40573,,
2025-05-06 00:00:00+00:00,176.97,179.0,163.24,177.82,34227.854,2025-05-06 23:59:59.999,5828772.60734,37066,16885.498,2877073.54495,,
2025-05-07 00:00:00+00:00,177.79,180.06,167.48,172.27,22982.059,2025-05-07 23:59:59.999,3986670.76634,27630,11340.311,1964486.3571,,
2025-05-08 00:00:00+00:00,172.13,208.34,172.13,206.28,54834.161,2025-05-08 23:59:59.999,10470695.84238,56681,28114.806,5382498.58302,,
2025-05-09 00:00:00+00:00,206.16,220.76,202.5,211.38,36679.12,2025-05-09 23:59:59.999,7671615.19194,40244,18569.583,3878996.77836,,
2025-05-10 00:00:00+00:00,211.14,230.37,208.87,228.75,29901.832,2025-05-10 23:59:59.999,6601644.77874,39215,15135.488,3342201.89052,,
2025-05-11 00:00:00+00:00,228.63,230.49,213.99,221.27,24219.735,2025-05-11 23:59:59.999,5354584.00444,29670,12250.171,2710506.25291,,
2025-05-12 00:00:00+00:00,221.23,229.92,211.96,221.81,28783.028,2025-05-12 23:59:59.999,6370693.13465,38960,14659.718,3245936.31656,,
2025-05-13 00:00:00+00:00,221.91,238.43,210.39,236.44,26890.142,2025-05-13 23:59:59.999,6038858.25015,37872,12731.961,2860608.46235,,
2025-05-14 00:00:00+00:00,236.36,239.28,223.98,229.44,19815.638,2025-05-14 23:59:59.999,4565419.87131,27371,9415.396,2167679.3871,,
2025-05-15 00:00:00+00:00,229.66,235.38,216.83,223.94,28411.061,2025-05-15 23:59:59.999,6415300.67798,44140,14522.517,3280040.45008,,
2025-05-16 00:00:00+00:00,223.98,245.22,221.59,231.11,37641.612,2025-05-16 23:59:59.999,8875856.50276,52328,18235.419,4299071.18349,,
2025-05-17 00:00:00+00:00,231.1,232.11,219.87,222.17,19114.06,2025-05-17 23:59:59.999,4302405.32968,29465,9074.483,2042851.39676,,
2025-05-18 00:00:00+00:00,222.3,244.1,219.1,232.47,28935.188,2025-05-18 23:59:59.999,6652384.5951,40588,13072.373,3009632.58471,,
2025-05-19 00:00:00+00:00,232.39,249.9,212.04,247.87,41642.188,2025-05-19 23:59:59.999,9564141.55547,50469,21758.721,4994526.06719,,
2025-05-20 00:00:00+00:00,247.72,270.44,246.56,259.49,50204.679,2025-05-20 23:59:59.999,13125803.28214,67597,24766.819,6470152.08719,,
2025-05-21 00:00:00+00:00,259.59,262.15,243.39,247.56,33082.592,2025-05-21 23:59:59.999,8394389.8395,43854,15278.155,3876358.1549,,
2025-05-22 00:00:00+00:00,247.82,260.03,246.8,257.07,30605.647,2025-05-22 23:59:59.999,7794223.50618,40005,16116.169,4108512.49792,,
2025-05-23 00:00:00+00:00,256.91,264.19,239.05,256.13,47011.962,2025-05-23 23:59:59.999,12000218.87835,60314,23621.977,6026355.47939,,
2025-05-24 00:00:00+00:00,256.23,276.98,250.83,261.88,34680.224,2025-05-24 23:59:59.999,9164674.03696,51798,18718.097,4947760.82071,,
2025-05-25 00:00:00+00:00,262.01,270.89,256.56,269.4,27989.434,2025-05-25 23:59:59.999,7416533.75768,44486,14444.827,3831518.28885,,
2025-05-26 00:00:00+00:00,269.45,276.38,259.26,267.55,30330.881,2025-05-26 23:59:59.999,8106797.72905,47292,15310.198,4091843.78302,,
2025-05-27 00:00:00+00:00,267.61,282.99,263.19,271.56,29062.871,2025-05-27 23:59:59.999,8022700.49116,44923,15723.599,4344891.02647,,
2025-05-28 00:00:00+00:00,271.67,274.81,260.05,265.09,30625.427,2025-05-28 23:59:59.999,8183862.46018,33942,14336.28,3831829.80391,,
2025-05-29 00:00:00+00:00,265.09,274.44,249.01,250.04,35594.487,2025-05-29 23:59:59.999,9352283.03143,39853,17016.93,4482493.64546,,
2025-05-30 00:00:00+00:00,250.06,256.4,240.01,251.13,34050.516,2025-05-30 23:59:59.999,8493022.00699,39386,16944.391,4225443.07168,,
2025-05-31 00:00:00+00:00,251.08,254.58,242.3,247.04,23290.05,2025-05-31 23:59:59.999,5810241.50023,30803,11611.299,2896917.26093,,
2025-06-01 00:00:00+00:00,247.14,254.6,237.78,246.26,23154.301,2025-06-01 23:59:59.999,5685891.73493,29910,11710.886,2877250.64377,,
2025-06-02 00:00:00+00:00,246.35,258.31,239.31,257.93,22096.577,2025-06-02 23:59:59.999,5476894.04619,25320,11434.009,2833588.28525,,
2025-06-03 00:00:00+00:00,257.99,273.16,254.37,266.66,24347.242,2025-06-03 23:59:59.999,6424433.41816,29154,12703.355,3351765.80137,,
2025-06-04 00:00:00+00:00,266.64,276.0,262.85,264.33,23361.03,2025-06-04 23:59:59.999,6268309.1688,27253,11651.752,3126563.3421,,
2025-06-05 00:00:00+00:00,264.2,267.16,240.16,241.85,30201.064,2025-06-05 23:59:59.999,7739892.95842,33220,14022.698,3601741.86068,,
2025-06-06 00:00:00+00:00,241.8,255.41,239.88,251.08,23129.548,2025-06-06 23:59:59.999,5757159.06926,24822,11273.983,2811195.2223,,
2025-06-07 00:00:00+00:00,251.15,260.65,249.56,257.59,9893.842,2025-06-07 23:59:59.999,2527658.66898,15992,4951.332,1264504.04576,,
2025-06-08 00:00:00+00:00,257.66,257.67,252.34,253.99,9257.374,2025-06-08 23:59:59.999,2361428.77469,13400,4195.958,1069845.9212,,
2025-06-09 00:00:00+00:00,253.91,285.73,250.47,283.29,21168.961,2025-06-09 23:59:59.999,5620266.95817,30492,11757.27,3133319.11241,,
2025-06-10 00:00:00+00:00,283.41,317.77,282.8,308.43,79938.053,2025-06-10 23:59:59.999,24111921.95526,87463,36401.43,10992711.09507,,
2025-06-11 00:00:00+00:00,308.4,325.38,300.42,303.84,39535.371,2025-06-11 23:59:59.999,12267305.05938,50948,18893.812,5865949.05475,,
2025-06-12 00:00:00+00:00,303.84,309.89,287.61,294.05,26729.435,2025-06-12 23:59:59.999,7956216.72032,36111,12492.961,3719947.06694,,
2025-06-13 00:00:00+00:00,294.05,294.25,262.69,291.14,74269.134,2025-06-13 23:59:59.999,20773130.90939,89933,34395.793,9622376.67443,,
2025-06-14 00:00:00+00:00,291.28,291.28,268.27,275.19,30970.161,2025-06-14 23:59:59.999,8599295.79441,34548,15002.746,4166016.83062,,
2025-06-15 00:00:00+00:00,275.29,278.97,266.5,275.0,17688.321,2025-06-15 23:59:59.999,4843021.10463,23136,8293.027,2270658.58465,,
2025-06-16 00:00:00+00:00,274.88,294.04,271.88,275.08,30452.246,2025-06-16 23:59:59.999,8674445.438,43680,15855.698,4520739.51512,,
2025-06-17 00:00:00+00:00,275.26,283.87,262.1,266.58,34589.538,2025-06-17 23:59:59.999,9388964.13205,64188,17102.905,4645465.99862,,
2025-06-18 00:00:00+00:00,266.68,270.22,255.21,259.15,25225.824,2025-06-18 23:59:59.999,6592450.82804,51342,12010.232,3142391.38207,,
2025-06-19 00:00:00+00:00,259.14,266.5,249.05,255.67,28529.328,2025-06-19 23:59:59.999,7323341.91409,46185,13601.493,3492917.42248,,
2025-06-20 00:00:00+00:00,255.71,264.54,242.06,247.42,35174.25,2025-06-20 23:59:59.999,8966507.31595,51356,16169.887,4128127.41842,,
2025-06-21 00:00:00+00:00,247.38,250.13,227.08,234.9,24343.475,2025-06-21 23:59:59.999,5879130.16791,28341,12474.945,3018952.99376,,
2025-06-22 00:00:00+00:00,234.84,239.01,213.1,227.91,48322.559,2025-06-22 23:59:59.999,10879841.47302,56460,24194.357,5447532.22454,,
2025-06-23 00:00:00+00:00,227.97,258.49,221.71,257.21,68989.369,2025-06-23 23:59:59.999,16304929.11589,64920,37164.099,8774121.54409,,
2025-06-24 00:00:00+00:00,257.23,269.88,253.23,264.24,55674.066,2025-06-24 23:59:59.999,14567168.30961,51164,28378.542,7424466.96993,,
2025-06-25 00:00:00+00:00,264.33,271.2,254.46,256.1,42991.678,2025-06-25 23:59:59.999,11225943.80354,40822,21001.262,5483994.76555,,
2025-06-26 00:00:00+00:00,256.02,265.73,249.26,250.4,40774.898,2025-06-26 23:59:59.999,10451097.07532,49730,19665.646,5041870.70658,,
2025-06-27 00:00:00+00:00,250.26,267.12,248.76,259.39,35104.106,2025-06-27 23:59:59.999,9091367.17975,50981,17728.244,4596208.63012,,
2025-06-28 00:00:00+00:00,259.39,262.02,253.25,259.94,17210.879,2025-06-28 23:59:59.999,4420092.02549,19486,8559.078,2196921.70742,,
2025-06-29 00:00:00+00:00,260.08,280.8,256.56,278.62,34719.664,2025-06-29 23:59:59.999,9416149.45267,34959,17772.796,4821889.05685,,
2025-06-30 00:00:00+00:00,278.63,284.94,268.58,274.57,32177.001,2025-06-30 23:59:59.999,8843220.16696,32348,15829.759,4351725.76766,,
2025-07-01 00:00:00+00:00,274.64,277.55,259.62,260.01,21029.704,2025-07-01 23:59:59.999,5632170.3382,18775,10164.763,2727384.97077,,
2025-07-02 00:00:00+00:00,259.96,283.49,257.42,276.23,27986.149,2025-07-02 23:59:59.999,7582859.4076,27285,14424.046,3906977.21111,,
2025-07-03 00:00:00+00:00,276.24,285.61,272.91,279.44,29867.872,2025-07-03 23:59:59.999,8367241.78659,29057,15990.801,4477279.05033,,
2025-07-04 00:00:00+00:00,279.46,283.0,258.73,266.04,19912.292,2025-07-04 23:59:59.999,5336532.64267,21817,9252.479,2476478.48236,,
2025-07-05 00:00:00+00:00,266.0,276.79,264.89,273.54,18673.835,2025-07-05 23:59:59.999,5061586.9909,16205,9289.793,2518156.25076,,
2025-07-06 00:00:00+00:00,273.54,291.66,269.77,287.48,26588.704,2025-07-06 23:59:59.999,7400563.22552,24131,13365.783,3718791.76018,,
2025-07-07 00:00:00+00:00,287.44,290.94,277.63,283.26,23094.195,2025-07-07 23:59:59.999,6585993.20905,22312,11938.895,3406973.96941,,
2025-07-08 00:00:00+00:00,283.26,295.0,277.47,292.97,21741.048,2025-07-08 23:59:59.999,6237724.20161,23588,10813.481,3101287.50084,,
2025-07-09 00:00:00+00:00,293.11,307.0,290.25,301.74,40923.858,2025-07-09 23:59:59.999,12245221.91683,37763,21494.194,6430925.55346,,
2025-07-10 00:00:00+00:00,301.86,316.04,292.5,308.68,38876.644,2025-07-10 23:59:59.999,11782967.87521,38925,19556.405,5935200.77477,,
2025-07-11 00:00:00+00:00,308.74,318.28,294.24,297.5,39382.872,2025-07-11 23:59:59.999,12132512.11254,49399,18903.353,5824894.3753,,
2025-07-12 00:00:00+00:00,297.51,306.93,293.01,302.24,23627.209,2025-07-12 23:59:59.999,7085437.40018,27982,11337.553,3400973.22245,,
2025-07-13 00:00:00+00:00,302.29,317.73,300.03,305.91,28906.071,2025-07-13 23:59:59.999,8906347.81053,34042,14116.977,4349173.82315,,
2025-07-14 00:00:00+00:00,305.95,331.73,305.38,315.33,38559.766,2025-07-14 23:59:59.999,12364703.42166,49359,20317.779,6512298.91759,,
2025-07-15 00:00:00+00:00,315.29,331.39,305.66,327.59,39737.577,2025-07-15 23:59:59.999,12662942.2441,51403,20514.972,6540721.82649,,
2025-07-16 00:00:00+00:00,327.57,335.0,321.18,323.48,44371.395,2025-07-16 23:59:59.999,14601432.37351,54988,20943.31,6895187.40275,,
2025-07-17 00:00:00+00:00,323.5,331.93,312.5,321.92,44986.565,2025-07-17 23:59:59.999,14426494.29971,59382,24810.071,7938280.78689,,
2025-07-18 00:00:00+00:00,322.0,338.17,311.62,324.6,49596.644,2025-07-18 23:59:59.999,16173563.12038,69341,22503.242,7347864.48982,,
2025-07-19 00:00:00+00:00,324.67,326.03,312.01,319.29,22475.992,2025-07-19 23:59:59.999,7126266.86179,24114,11638.297,3691613.5299,,
2025-07-20 00:00:00+00:00,319.44,335.41,317.47,324.61,25718.228,2025-07-20 23:59:59.999,8396902.53392,33409,12907.742,4218099.84441,,
2025-07-21 00:00:00+00:00,324.46,334.83,318.0,322.29,25667.685,2025-07-21 23:59:59.999,8395119.09023,32392,12097.715,3957069.32907,,
2025-07-22 00:00:00+00:00,322.3,324.52,300.37,310.71,42874.702,2025-07-22 23:59:59.999,13269264.26563,40484,19297.672,5973425.80737,,
2025-07-23 00:00:00+00:00,310.71,311.93,282.47,290.55,41750.087,2025-07-23 23:59:59.999,12348340.22184,41242,19589.281,5801399.25648,,
2025-07-24 00:00:00+00:00,290.46,295.77,276.32,286.32,35891.051,2025-07-24 23:59:59.999,10351172.21164,35745,17290.674,4990439.8456,,
2025-07-25 00:00:00+00:00,286.34,295.27,280.25,294.24,32811.961,2025-07-25 23:59:59.999,9480042.14815,35338,16958.423,4902981.87951,,
2025-07-26 00:00:00+00:00,294.35,299.88,292.33,295.0,10989.401,2025-07-26 23:59:59.999,3257906.39167,13143,5163.756,1532055.71544,,
2025-07-27 00:00:00+00:00,295.18,305.77,294.09,304.97,12872.655,2025-07-27 23:59:59.999,3838643.38783,14739,6699.144,1999338.29003,,
2025-07-28 00:00:00+00:00,305.02,309.1,285.8,289.02,19631.031,2025-07-28 23:59:59.999,5834251.66562,25313,9756.167,2898582.19349,,
2025-07-29 00:00:00+00:00,288.93,295.58,279.24,282.29,19874.538,2025-07-29 23:59:59.999,5685411.20801,21253,9717.226,2778712.94309,,
2025-07-30 00:00:00+00:00,282.12,284.76,263.81,274.55,25070.52,2025-07-30 23:59:59.999,6895609.70301,25621,12677.972,3491955.80159,,
2025-07-31 00:00:00+00:00,274.64,280.25,259.92,260.98,19887.396,2025-07-31 23:59:59.999,5365773.54094,23691,8812.159,2382585.88097,,
2025-08-01 00:00:00+00:00,260.98,262.83,249.0,255.24,30597.641,2025-08-01 23:59:59.999,7872233.9769,36474,14127.589,3635448.11788,,
2025-08-02 00:00:00+00:00,255.27,258.01,245.0,249.46,26662.49,2025-08-02 23:59:59.999,6703875.84477,24041,13872.661,3493476.25855,,
2025-08-03 00:00:00+00:00,249.33,261.1,246.66,260.19,16924.774,2025-08-03 23:59:59.999,4342899.86792,14518,8467.119,2171679.32732,,
2025-08-04 00:00:00+00:00,260.14,271.3,259.65,267.85,30776.787,2025-08-04 23:59:59.999,8179431.03608,23529,13987.335,3716125.38618,,
2025-08-05 00:00:00+00:00,268.0,268.36,250.39,255.38,27452.859,2025-08-05 23:59:59.999,7104136.70772,23113,14543.331,3769698.8932,,
2025-08-06 00:00:00+00:00,255.28,264.65,251.24,263.61,20584.103,2025-08-06 23:59:59.999,5320580.12271,18297,11034.857,2853507.54003,,
2025-08-07 00:00:00+00:00,263.51,286.54,262.53,285.17,33698.886,2025-08-07 23:59:59.999,9258487.49412,30916,15958.375,4392750.14403,,
2025-08-08 00:00:00+00:00,285.16,295.1,279.47,291.03,33294.571,2025-08-08 23:59:59.999,9507935.79805,38186,16742.458,4783171.00258,,
2025-08-09 00:00:00+00:00,291.06,311.5,290.21,307.92,28815.643,2025-08-09 23:59:59.999,8711303.61706,37024,15392.08,4652707.85532,,
2025-08-10 00:00:00+00:00,307.99,311.52,298.0,306.35,20183.009,2025-08-10 23:59:59.999,6154831.14948,30089,9985.255,3045002.78215,,
2025-08-11 00:00:00+00:00,306.32,312.94,291.16,293.2,26071.06,2025-08-11 23:59:59.999,7855450.97455,38350,12717.677,3832484.97864,,
2025-08-12 00:00:00+00:00,293.17,324.15,292.34,322.28,43022.293,2025-08-12 23:59:59.999,13294201.34263,48889,21771.104,6731361.86558,,
2025-08-13 00:00:00+00:00,322.04,335.67,316.9,332.27,49194.256,2025-08-13 23:59:59.999,16041682.7759,61366,27960.936,9123820.45217,,
2025-08-14 00:00:00+00:00,332.27,340.47,303.95,312.87,57413.707,2025-08-14 23:59:59.999,18395873.48908,122641,27542.41,8830633.95971,,
2025-08-15 00:00:00+00:00,312.87,318.1,293.85,300.14,34987.511,2025-08-15 23:59:59.999,10679642.70008,36689,17723.416,5421584.02701,,
2025-08-16 00:00:00+00:00,300.09,303.84,290.44,295.86,21671.169,2025-08-16 23:59:59.999,6409726.28772,22962,10805.112,3194691.39128,,
2025-08-17 00:00:00+00:00,295.86,310.93,294.22,303.41,26770.929,2025-08-17 23:59:59.999,8148692.2624,25749,13020.813,3957975.32904,,
2025-08-18 00:00:00+00:00,303.28,304.57,284.32,288.73,40076.962,2025-08-18 23:59:59.999,11659844.04282,37487,21887.465,6360613.41125,,
2025-08-19 00:00:00+00:00,288.83,292.88,275.71,277.29,25749.527,2025-08-19 23:59:59.999,7284195.31432,29349,12738.094,3604252.56008,,
2025-08-20 00:00:00+00:00,277.43,299.62,276.84,299.3,28356.189,2025-08-20 23:59:59.999,8240157.09162,34189,14004.719,4068856.49096,,
2025-08-21 00:00:00+00:00,299.29,305.23,293.8,300.03,25767.449,2025-08-21 23:59:59.999,7723184.05638,31326,12944.543,3880509.55305,,
2025-08-22 00:00:00+00:00,300.01,346.58,294.16,345.55,92214.661,2025-08-22 23:59:59.999,29796575.96497,87018,43042.653,13912472.62981,,
2025-08-23 00:00:00+00:00,345.56,385.79,339.79,357.69,97524.932,2025-08-23 23:59:59.999,34919947.99052,120469,52224.418,18697727.8198,,
2025-08-24 00:00:00+00:00,357.64,360.49,343.42,348.77,50028.486,2025-08-24 23:59:59.999,17540597.20997,58184,27938.653,9782395.9166,,
2025-08-25 00:00:00+00:00,348.66,350.54,310.28,318.58,33030.403,2025-08-25 23:59:59.999,10848052.29506,48974,16435.696,5411166.12576,,
2025-08-26 00:00:00+00:00,318.61,339.15,314.24,335.85,44285.804,2025-08-26 23:59:59.999,14636479.86748,65400,20106.539,6639176.18394,,
2025-08-27 00:00:00+00:00,336.04,336.57,319.37,320.67,43979.284,2025-08-27 23:59:59.999,14420500.14336,60227,24009.484,7879464.97466,,
2025-08-28 00:00:00+00:00,320.6,329.09,312.88,317.62,29541.336,2025-08-28 23:59:59.999,9434369.3194,43685,14790.624,4717228.5003,,
2025-08-29 00:00:00+00:00,317.63,321.74,304.14,319.19,36885.814,2025-08-29 23:59:59.999,11499171.44834,59922,18862.745,5877325.73361,,
2025-08-30 00:00:00+00:00,319.28,319.82,310.27,319.35,17000.051,2025-08-30 23:59:59.999,5368173.59846,28603,8310.246,2624427.0304,,
2025-08-31 00:00:00+00:00,319.42,325.23,315.27,315.83,22272.831,2025-08-31 23:59:59.999,7157670.06582,40513,11839.168,3804790.39128,,
2025-09-01 00:00:00+00:00,315.75,319.62,299.18,304.88,31971.015,2025-09-01 23:59:59.999,9908346.67609,55121,16589.043,5143691.95136,,
2025-09-02 00:00:00+00:00,304.89,318.28,303.86,315.73,42113.567,2025-09-02 23:59:59.999,13129460.76814,54661,21615.37,6733576.02921,,
2025-09-03 00:00:00+00:00,315.74,329.35,312.75,328.02,22092.456,2025-09-03 23:59:59.999,7133771.29384,34683,10904.432,3520417.61928,,
2025-09-04 00:00:00+00:00,328.07,332.0,305.9,306.54,38278.889,2025-09-04 23:59:59.999,12141486.75247,43593,18223.004,5774217.31757,,
2025-09-05 00:00:00+00:00,306.41,313.67,305.68,312.66,22324.622,2025-09-05 23:59:59.999,6923632.83928,26386,10814.477,3354718.83022,,
2025-09-06 00:00:00+00:00,302.3,304.67,296.52,301.61,3289.394,2025-09-06 23:59:59.999000,,4379,1435.24400000,432987.33590000,991814.05294,0
