open_time,open,high,low,close,volume,close_time,quote_asset_volume,trades,taker_buy_base,taker_buy_quote,ignore
2024-09-04 00:00:00+00:00,0.09685,0.09951,0.09193,0.09802,14944259.0,2024-09-04 23:59:59.999000+00:00,1444763.84887,9050,7758052.0,750773.01805,
2024-09-05 00:00:00+00:00,0.09805,0.09915,0.09605,0.09835,5792469.0,2024-09-05 23:59:59.999000+00:00,565698.48156,6310,3040226.0,296861.19562,
2024-09-06 00:00:00+00:00,0.0984,0.09941,0.08897,0.09252,13692031.0,2024-09-06 23:59:59.999000+00:00,1285425.39997,12743,6801107.0,637809.89568,
2024-09-07 00:00:00+00:00,0.09241,0.0957,0.09176,0.09537,8892103.0,2024-09-07 23:59:59.999000+00:00,839281.19308,11108,4935409.0,466156.28945,
2024-09-08 00:00:00+00:00,0.09539,0.09695,0.09384,0.09616,6866265.0,2024-09-08 23:59:59.999000+00:00,655877.04261,8955,3359108.0,320881.83427,
2024-09-09 00:00:00+00:00,0.09616,0.10494,0.09574,0.1038,22904955.0,2024-09-09 23:59:59.999000+00:00,2281102.01811,24681,14402367.0,1430067.72549,
2024-09-10 00:00:00+00:00,0.10381,0.1046,0.10157,0.1028,8719115.0,2024-09-10 23:59:59.999000+00:00,898656.32536,9636,4266593.0,439987.87905,
2024-09-11 00:00:00+00:00,0.10285,0.10304,0.09788,0.10137,14192530.0,2024-09-11 23:59:59.999000+00:00,1424766.29504,14615,7048234.0,708033.55044,
2024-09-12 00:00:00+00:00,0.10137,0.10333,0.10046,0.1027,13417688.0,2024-09-12 23:59:59.999000+00:00,1366872.80333,17480,6531119.0,665233.59898,
2024-09-13 00:00:00+00:00,0.10274,0.10908,0.10181,0.10709,22295805.0,2024-09-13 23:59:59.999000+00:00,2352392.58885,24412,10709249.0,1130189.48366,
2024-09-14 00:00:00+00:00,0.10706,0.10777,0.10438,0.10545,7804871.0,2024-09-14 23:59:59.999000+00:00,827750.64858,10071,3413892.0,362175.10344,
2024-09-15 00:00:00+00:00,0.10545,0.10644,0.10216,0.10297,6362638.0,2024-09-15 23:59:59.999000+00:00,668495.95157,10267,3199388.0,335863.82903,
2024-09-16 00:00:00+00:00,0.10283,0.10319,0.09834,0.09965,13792162.0,2024-09-16 23:59:59.999000+00:00,1388707.28113,9815,6905705.0,694906.54859,
2024-09-17 00:00:00+00:00,0.09967,0.10269,0.09873,0.10118,9411249.0,2024-09-17 23:59:59.999000+00:00,951761.89987,5904,4534677.0,459136.78818,
2024-09-18 00:00:00+00:00,0.10106,0.10386,0.09939,0.10383,7902044.0,2024-09-18 23:59:59.999000+00:00,799317.51506,8557,3703128.0,374762.72396,
2024-09-19 00:00:00+00:00,0.10389,0.10715,0.10348,0.10496,10805125.0,2024-09-19 23:59:59.999000+00:00,1135855.0603,7236,6020725.0,632782.64912,
2024-09-20 00:00:00+00:00,0.10503,0.10746,0.10365,0.10554,9986854.0,2024-09-20 23:59:59.999000+00:00,1052730.21666,5046,5243785.0,552230.30255,
2024-09-21 00:00:00+00:00,0.10553,0.11045,0.10408,0.1099,6688270.0,2024-09-21 23:59:59.999000+00:00,719781.08529,3748,3673469.0,396051.31894,
2024-09-22 00:00:00+00:00,0.10993,0.10994,0.10377,0.10641,7335750.0,2024-09-22 23:59:59.999000+00:00,782485.85267,3809,3442484.0,367169.77876,
2024-09-23 00:00:00+00:00,0.10638,0.10911,0.10423,0.1082,10092589.0,2024-09-23 23:59:59.999000+00:00,1082739.70257,6804,5126829.0,550445.27831,
2024-09-24 00:00:00+00:00,0.10811,0.1106,0.10682,0.10978,9456550.0,2024-09-24 23:59:59.999000+00:00,1028526.61498,8501,4334492.0,471566.12701,
2024-09-25 00:00:00+00:00,0.10979,0.11113,0.108,0.10851,9106664.0,2024-09-25 23:59:59.999000+00:00,998337.8842,8147,4219168.0,462762.82182,
2024-09-26 00:00:00+00:00,0.10863,0.12071,0.10698,0.11818,30426894.0,2024-09-26 23:59:59.999000+00:00,3505721.95983,21366,16177436.0,1862056.40362,
2024-09-27 00:00:00+00:00,0.1181,0.12874,0.11707,0.12383,22534936.0,2024-09-27 23:59:59.999000+00:00,2786341.29636,18668,11674849.0,1444108.57086,
2024-09-28 00:00:00+00:00,0.12345,0.13208,0.12018,0.12821,28147836.0,2024-09-28 23:59:59.999000+00:00,3578717.04424,21187,14422629.0,1836593.20603,
2024-09-29 00:00:00+00:00,0.12814,0.13045,0.12442,0.12444,13416110.0,2024-09-29 23:59:59.999000+00:00,1702814.60559,16665,6378995.0,810114.05315,
2024-09-30 00:00:00+00:00,0.12455,0.1247,0.11332,0.11433,11321404.0,2024-09-30 23:59:59.999000+00:00,1356057.40009,11000,4364674.0,523431.578,
2024-10-01 00:00:00+00:00,0.11462,0.11935,0.10226,0.10695,24506985.0,2024-10-01 23:59:59.999000+00:00,2697502.81796,14690,12622427.0,1395395.55474,
2024-10-02 00:00:00+00:00,0.10677,0.1095,0.10228,0.10468,10874877.0,2024-10-02 23:59:59.999000+00:00,1155933.63694,5186,5460912.0,581841.62394,
2024-10-03 00:00:00+00:00,0.10457,0.1068,0.10108,0.1051,8981874.0,2024-10-03 23:59:59.999000+00:00,932477.31033,3712,4596204.0,477211.19432,
2024-10-04 00:00:00+00:00,0.10512,0.11055,0.10476,0.10921,9953985.0,2024-10-04 23:59:59.999000+00:00,1080555.11708,3188,4920512.0,534239.90771,
2024-10-05 00:00:00+00:00,0.10931,0.11022,0.10749,0.10946,4230632.0,2024-10-05 23:59:59.999000+00:00,461181.85513,1525,2080595.0,226956.92006,
2024-10-06 00:00:00+00:00,0.10952,0.11282,0.10848,0.11157,5275317.0,2024-10-06 23:59:59.999000+00:00,584442.51946,1862,3203344.0,355261.14619,
2024-10-07 00:00:00+00:00,0.11155,0.11543,0.10827,0.10848,11607881.0,2024-10-07 23:59:59.999000+00:00,1302338.40439,3880,6323501.0,710581.45848,
2024-10-08 00:00:00+00:00,0.10873,0.11,0.10524,0.10709,8706332.0,2024-10-08 23:59:59.999000+00:00,935402.60807,2541,3620262.0,389607.76877,
2024-10-09 00:00:00+00:00,0.10717,0.11141,0.10601,0.1078,11717631.0,2024-10-09 23:59:59.999000+00:00,1279100.62979,4356,6019265.0,658326.80383,
2024-10-10 00:00:00+00:00,0.10784,0.10853,0.10303,0.10601,9504930.0,2024-10-10 23:59:59.999000+00:00,1004524.83029,3942,4330366.0,457000.59002,
2024-10-11 00:00:00+00:00,0.10594,0.11137,0.10558,0.11073,9297798.0,2024-10-11 23:59:59.999000+00:00,1018459.63342,4666,4160184.0,455480.34997,
2024-10-12 00:00:00+00:00,0.11076,0.11217,0.10933,0.11139,5856135.0,2024-10-12 23:59:59.999000+00:00,651660.56783,3496,2839332.0,315858.16616,
2024-10-13 00:00:00+00:00,0.11153,0.11206,0.10865,0.11142,6808845.0,2024-10-13 23:59:59.999000+00:00,754177.86256,3299,2480584.0,274344.8955,
2024-10-14 00:00:00+00:00,0.11137,0.11765,0.1093,0.11668,17468661.0,2024-10-14 23:59:59.999000+00:00,1991253.60316,6728,9646165.0,1100682.91871,
2024-10-15 00:00:00+00:00,0.11675,0.11925,0.11019,0.11752,22727567.0,2024-10-15 23:59:59.999000+00:00,2615052.95219,7413,11921044.0,1373470.67431,
2024-10-16 00:00:00+00:00,0.11745,0.13003,0.11579,0.12571,45136040.0,2024-10-16 23:59:59.999000+00:00,5668820.97416,14400,23963292.0,3009870.62681,
2024-10-17 00:00:00+00:00,0.12575,0.1309,0.12045,0.1297,32681227.0,2024-10-17 23:59:59.999000+00:00,4086413.7708,12649,15000146.0,1875015.24382,
2024-10-18 00:00:00+00:00,0.12965,0.14079,0.1295,0.13713,45791640.0,2024-10-18 23:59:59.999000+00:00,6200556.44629,24544,24215551.0,3278980.77734,
2024-10-19 00:00:00+00:00,0.13717,0.14737,0.13702,0.14393,31173305.0,2024-10-19 23:59:59.999000+00:00,4475140.32637,24027,14981425.0,2152704.24312,
2024-10-20 00:00:00+00:00,0.14407,0.14564,0.13727,0.14214,20282126.0,2024-10-20 23:59:59.999000+00:00,2861583.76474,13176,10630472.0,1502886.64604,
2024-10-21 00:00:00+00:00,0.14207,0.14972,0.13819,0.14363,34922025.0,2024-10-21 23:59:59.999000+00:00,5026541.96057,21964,17705226.0,2546447.9976,
2024-10-22 00:00:00+00:00,0.14365,0.14834,0.13642,0.13953,23961243.0,2024-10-22 23:59:59.999000+00:00,3389563.43996,15729,11863182.0,1676771.77193,
2024-10-23 00:00:00+00:00,0.13965,0.14098,0.13306,0.13987,16420842.0,2024-10-23 23:59:59.999000+00:00,2263011.02162,9990,7698485.0,1060240.04108,
2024-10-24 00:00:00+00:00,0.13993,0.14371,0.13617,0.14179,18908106.0,2024-10-24 23:59:59.999000+00:00,2657217.78338,12403,8949406.0,1257904.57622,
2024-10-25 00:00:00+00:00,0.14203,0.14262,0.12752,0.13164,20166543.0,2024-10-25 23:59:59.999000+00:00,2745763.69459,15271,9420301.0,1282510.12711,
2024-10-26 00:00:00+00:00,0.13125,0.13802,0.1305,0.13733,14611620.0,2024-10-26 23:59:59.999000+00:00,1965997.74539,11269,7965083.0,1072045.07395,
2024-10-27 00:00:00+00:00,0.13732,0.14609,0.13596,0.14412,16651639.0,2024-10-27 23:59:59.999000+00:00,2348603.92368,13021,7298236.0,1031075.55475,
2024-10-28 00:00:00+00:00,0.14426,0.16248,0.141,0.16137,56699099.0,2024-10-28 23:59:59.999000+00:00,8637169.87959,35635,28390629.0,4328770.56379,
2024-10-29 00:00:00+00:00,0.1613,0.17969,0.15861,0.17597,64957124.0,2024-10-29 23:59:59.999000+00:00,11054685.2668,42288,35031436.0,5952115.62713,
2024-10-30 00:00:00+00:00,0.17585,0.17787,0.1645,0.16831,30600385.0,2024-10-30 23:59:59.999000+00:00,5233678.50839,18185,15664183.0,2680922.0247,
2024-10-31 00:00:00+00:00,0.16834,0.17354,0.15619,0.16131,30517317.0,2024-10-31 23:59:59.999000+00:00,5074310.94931,19443,15337397.0,2552191.16665,
2024-11-01 00:00:00+00:00,0.1614,0.16886,0.15408,0.15917,35178675.0,2024-11-01 23:59:59.999000+00:00,5672649.41762,22574,15752691.0,2545079.3587,
2024-11-02 00:00:00+00:00,0.15932,0.1676,0.15545,0.1595,23971419.0,2024-11-02 23:59:59.999000+00:00,3829552.78418,16021,12118303.0,1937536.03991,
2024-11-03 00:00:00+00:00,0.15946,0.15982,0.14208,0.15126,44845900.0,2024-11-03 23:59:59.999000+00:00,6699774.98451,28617,21853526.0,3269130.74408,
2024-11-04 00:00:00+00:00,0.15127,0.16014,0.14817,0.15814,50741730.0,2024-11-04 23:59:59.999000+00:00,7909318.43886,34362,24893732.0,3885188.48896,
2024-11-05 00:00:00+00:00,0.15807,0.1795,0.1579,0.17,81011602.0,2024-11-05 23:59:59.999000+00:00,13764708.00406,56332,41837696.0,7101172.06006,
2024-11-06 00:00:00+00:00,0.1699,0.21946,0.16894,0.19665,260796056.0,2024-11-06 23:59:59.999000+00:00,51659091.37063,163327,121613437.0,23989579.36842,
2024-11-07 00:00:00+00:00,0.19666,0.20448,0.18534,0.19344,74104922.0,2024-11-07 23:59:59.999000+00:00,14330092.94209,56002,36650568.0,7098859.45274,
2024-11-08 00:00:00+00:00,0.19344,0.20737,0.19066,0.20202,64785415.0,2024-11-08 23:59:59.999000+00:00,12842886.22336,47113,31803309.0,6299776.76057,
2024-11-09 00:00:00+00:00,0.20218,0.22028,0.19747,0.219,57609704.0,2024-11-09 23:59:59.999000+00:00,12007067.33234,49263,30888072.0,6440038.42094,
2024-11-10 00:00:00+00:00,0.21895,0.29811,0.21677,0.27786,211330324.0,2024-11-10 23:59:59.999000+00:00,54586969.58425,140566,110586722.0,28551345.90565,
2024-11-11 00:00:00+00:00,0.27806,0.35192,0.2725,0.35175,257950954.0,2024-11-11 23:59:59.999000+00:00,79273636.79891,193895,129096631.0,39723740.22718,
2024-11-12 00:00:00+00:00,0.35189,0.439,0.32711,0.3803,520437267.0,2024-11-12 23:59:59.999000+00:00,199008130.20789,395154,259875831.0,99370947.92044,
2024-11-13 00:00:00+00:00,0.38033,0.4343,0.35215,0.39969,339962025.0,2024-11-13 23:59:59.999000+00:00,134070667.47531,294802,165349795.0,65206237.54635,
2024-11-14 00:00:00+00:00,0.39948,0.41696,0.35211,0.36276,184740434.0,2024-11-14 23:59:59.999000+00:00,72362562.55123,196829,92984075.0,36472258.00454,
2024-11-15 00:00:00+00:00,0.36265,0.385,0.35248,0.38156,153591224.0,2024-11-15 23:59:59.999000+00:00,56620359.89685,128592,79671526.0,29352257.13572,
2024-11-16 00:00:00+00:00,0.38169,0.39178,0.3601,0.36435,88008662.0,2024-11-16 23:59:59.999000+00:00,32979363.11214,85819,43427782.0,16281111.86265,
2024-11-17 00:00:00+00:00,0.36433,0.37568,0.34001,0.36699,99154455.0,2024-11-17 23:59:59.999000+00:00,35599111.24787,91709,49413707.0,17746972.40101,
2024-11-18 00:00:00+00:00,0.36719,0.38081,0.35754,0.37138,108282445.0,2024-11-18 23:59:59.999000+00:00,40211759.95649,110079,57757412.0,21466761.78598,
2024-11-19 00:00:00+00:00,0.37138,0.42076,0.36648,0.39137,154189047.0,2024-11-19 23:59:59.999000+00:00,60669039.49316,160741,78588057.0,30961401.77502,
2024-11-20 00:00:00+00:00,0.39121,0.39697,0.36474,0.37809,116425066.0,2024-11-20 23:59:59.999000+00:00,44716939.18614,122785,54230292.0,20846957.07234,
2024-11-21 00:00:00+00:00,0.37794,0.39589,0.36922,0.38695,102577195.0,2024-11-21 23:59:59.999000+00:00,39454238.46501,126654,53679086.0,20660727.95337,
2024-11-22 00:00:00+00:00,0.38708,0.42076,0.38126,0.41307,153658450.0,2024-11-22 23:59:59.999000+00:00,61684149.6281,203410,80787066.0,32487552.41934,
2024-11-23 00:00:00+00:00,0.41319,0.48046,0.40454,0.43057,251342246.0,2024-11-23 23:59:59.999000+00:00,112850849.41122,342959,135514485.0,60981486.61056,
2024-11-24 00:00:00+00:00,0.43064,0.45397,0.3997,0.43082,126359565.0,2024-11-24 23:59:59.999000+00:00,53259990.76688,187425,61096497.0,25753011.52813,
2024-11-25 00:00:00+00:00,0.43074,0.44126,0.38,0.39267,102159477.0,2024-11-25 23:59:59.999000+00:00,42052048.17905,137138,51787332.0,21338725.62707,
2024-11-26 00:00:00+00:00,0.39243,0.40887,0.36436,0.38685,110558750.0,2024-11-26 23:59:59.999000+00:00,42558101.97455,144301,57559932.0,22179657.3797,
2024-11-27 00:00:00+00:00,0.38691,0.4083,0.38016,0.40136,93592351.0,2024-11-27 23:59:59.999000+00:00,37157142.49923,115884,44118714.0,17508129.7869,
2024-11-28 00:00:00+00:00,0.40141,0.42916,0.39102,0.40167,75203213.0,2024-11-28 23:59:59.999000+00:00,30387805.16864,100764,38729395.0,15674905.22551,
2024-11-29 00:00:00+00:00,0.40167,0.43777,0.39958,0.42648,85786084.0,2024-11-29 23:59:59.999000+00:00,35927227.31865,97815,44173508.0,18507270.77612,
2024-11-30 00:00:00+00:00,0.42649,0.43601,0.41345,0.42188,63668015.0,2024-11-30 23:59:59.999000+00:00,27098899.7831,82284,31533944.0,13426278.25072,
2024-12-01 00:00:00+00:00,0.42189,0.44993,0.41672,0.44083,89641698.0,2024-12-01 23:59:59.999000+00:00,38783545.55461,122189,46842451.0,20284000.76434,
2024-12-02 00:00:00+00:00,0.44082,0.4637,0.4001,0.4247,148370650.0,2024-12-02 23:59:59.999000+00:00,63511970.97621,208892,71657021.0,30695951.174,
2024-12-03 00:00:00+00:00,0.42474,0.42968,0.38727,0.4066,104365655.0,2024-12-03 23:59:59.999000+00:00,42707487.76437,142128,50362166.0,20632583.19604,
2024-12-04 00:00:00+00:00,0.40668,0.43746,0.39985,0.43344,105231315.0,2024-12-04 23:59:59.999000+00:00,43999967.95759,136561,51998008.0,21760909.29767,
2024-12-05 00:00:00+00:00,0.43333,0.466,0.40768,0.42737,199570489.0,2024-12-05 23:59:59.999000+00:00,87565987.64601,268970,102552001.0,45085153.98206,
2024-12-06 00:00:00+00:00,0.42736,0.44227,0.42017,0.43536,84550151.0,2024-12-06 23:59:59.999000+00:00,36701719.96148,106545,41822245.0,18159533.92821,
2024-12-07 00:00:00+00:00,0.43543,0.46695,0.43107,0.45331,87145048.0,2024-12-07 23:59:59.999000+00:00,39388250.8286,113366,44902396.0,20326526.89144,
2024-12-08 00:00:00+00:00,0.45334,0.48471,0.44641,0.46678,88263153.0,2024-12-08 23:59:59.999000+00:00,40938909.7188,109274,46012359.0,21374014.61066,
2024-12-09 00:00:00+00:00,0.46681,0.46771,0.38,0.41409,205142394.0,2024-12-09 23:59:59.999000+00:00,87134536.87951,244473,97196893.0,41296973.30498,
2024-12-10 00:00:00+00:00,0.41405,0.42318,0.36542,0.39437,159092000.0,2024-12-10 23:59:59.999000+00:00,62503545.80219,201780,77523145.0,30484918.62968,
2024-12-11 00:00:00+00:00,0.39399,0.41939,0.37535,0.41431,88886198.0,2024-12-11 23:59:59.999000+00:00,35924363.47243,103142,42750934.0,17274573.48871,
2024-12-12 00:00:00+00:00,0.41436,0.42439,0.40129,0.4062,75025008.0,2024-12-12 23:59:59.999000+00:00,30950581.18564,90749,36394319.0,15020281.49103,
2024-12-13 00:00:00+00:00,0.40612,0.41226,0.39917,0.40909,44383467.0,2024-12-13 23:59:59.999000+00:00,17997510.64607,55201,22581475.0,9156569.82677,
2024-12-14 00:00:00+00:00,0.40908,0.4141,0.38732,0.39805,49763835.0,2024-12-14 23:59:59.999000+00:00,19853107.75356,53501,26384701.0,10531237.50931,
2024-12-15 00:00:00+00:00,0.3982,0.41111,0.39242,0.40648,39027291.0,2024-12-15 23:59:59.999000+00:00,15679025.54508,41305,19345278.0,7764265.92651,
2024-12-16 00:00:00+00:00,0.40655,0.41482,0.3923,0.40197,52375386.0,2024-12-16 23:59:59.999000+00:00,21210615.85624,61084,25672976.0,10405818.82335,
2024-12-17 00:00:00+00:00,0.40202,0.41021,0.39126,0.39412,41803973.0,2024-12-17 23:59:59.999000+00:00,16749128.42901,53308,19788665.0,7929675.10422,
2024-12-18 00:00:00+00:00,0.39405,0.39633,0.3462,0.35824,83607445.0,2024-12-18 23:59:59.999000+00:00,31155267.24232,99200,38306467.0,14276776.1963,
2024-12-19 00:00:00+00:00,0.35803,0.36712,0.2996,0.31404,184761075.0,2024-12-19 23:59:59.999000+00:00,60833070.23418,183991,88438773.0,29104773.34633,
2024-12-20 00:00:00+00:00,0.31413,0.32863,0.26166,0.31769,193797873.0,2024-12-20 23:59:59.999000+00:00,57629158.27289,155556,98174618.0,29184568.49094,
2024-12-21 00:00:00+00:00,0.31771,0.34991,0.31393,0.31976,118137703.0,2024-12-21 23:59:59.999000+00:00,38905786.97986,96975,63421346.0,20858451.33499,
2024-12-22 00:00:00+00:00,0.32027,0.32433,0.30449,0.31234,49861242.0,2024-12-22 23:59:59.999000+00:00,15694364.79414,45030,25832149.0,8135384.98906,
2024-12-23 00:00:00+00:00,0.31231,0.32835,0.30262,0.32454,81058864.0,2024-12-23 23:59:59.999000+00:00,25436870.13157,73324,41479050.0,13026836.40441,
2024-12-24 00:00:00+00:00,0.32451,0.34023,0.31583,0.33687,50591770.0,2024-12-24 23:59:59.999000+00:00,16687977.02856,47139,24832465.0,8193792.47725,
2024-12-25 00:00:00+00:00,0.3368,0.34192,0.32634,0.33412,52207675.0,2024-12-25 23:59:59.999000+00:00,17389358.02043,47040,25440847.0,8476432.33868,
2024-12-26 00:00:00+00:00,0.33412,0.33772,0.30819,0.31238,57155515.0,2024-12-26 23:59:59.999000+00:00,18229501.58552,49953,27574916.0,8793831.39351,
2024-12-27 00:00:00+00:00,0.31237,0.32473,0.3084,0.3113,60085399.0,2024-12-27 23:59:59.999000+00:00,18914648.24007,58261,30804990.0,9697452.77426,
2024-12-28 00:00:00+00:00,0.31138,0.32706,0.31087,0.32372,43390401.0,2024-12-28 23:59:59.999000+00:00,13798667.85283,35977,22219535.0,7063318.94945,
2024-12-29 00:00:00+00:00,0.32382,0.3291,0.31131,0.31377,46889412.0,2024-12-29 23:59:59.999000+00:00,14999642.36709,40450,22177660.0,7094289.39855,
2024-12-30 00:00:00+00:00,0.31378,0.32273,0.30576,0.31339,85624426.0,2024-12-30 23:59:59.999000+00:00,27105915.41712,71180,41011215.0,12982913.51986,
2024-12-31 00:00:00+00:00,0.31341,0.32868,0.30879,0.3154,58359201.0,2024-12-31 23:59:59.999000+00:00,18613235.41668,54076,29634144.0,9457653.04498,
2025-01-01 00:00:00+00:00,0.3154,0.32676,0.31139,0.32444,43890212.0,2025-01-01 23:59:59.999000+00:00,14004022.43285,36504,22212759.0,7087791.86221,
2025-01-02 00:00:00+00:00,0.32445,0.34486,0.324,0.33853,75019132.0,2025-01-02 23:59:59.999000+00:00,25245231.64553,74351,38463577.0,12942068.89817,
2025-01-03 00:00:00+00:00,0.3387,0.38927,0.33566,0.37977,112533001.0,2025-01-03 23:59:59.999000+00:00,41028291.55563,104910,56708073.0,20671848.46624,
2025-01-04 00:00:00+00:00,0.37976,0.39894,0.37608,0.39476,89143583.0,2025-01-04 23:59:59.999000+00:00,34501616.37326,95204,44578940.0,17258417.66551,
2025-01-05 00:00:00+00:00,0.39481,0.3977,0.37372,0.38226,52418321.0,2025-01-05 23:59:59.999000+00:00,20172828.18231,53917,25785091.0,9929710.84752,
2025-01-06 00:00:00+00:00,0.38239,0.39595,0.37586,0.38807,66981725.0,2025-01-06 23:59:59.999000+00:00,25925353.72778,75998,33921807.0,13133220.14511,
2025-01-07 00:00:00+00:00,0.388,0.39841,0.34654,0.34794,136270382.0,2025-01-07 23:59:59.999000+00:00,50319402.83004,158201,66736130.0,24632006.4928,
2025-01-08 00:00:00+00:00,0.34789,0.35547,0.32416,0.34234,133565230.0,2025-01-08 23:59:59.999000+00:00,45778947.4493,143749,67794191.0,23226461.63823,
2025-01-09 00:00:00+00:00,0.34213,0.34677,0.3142,0.3208,90800314.0,2025-01-09 23:59:59.999000+00:00,29753649.56531,85158,44801591.0,14690402.41635,
2025-01-10 00:00:00+00:00,0.32104,0.33984,0.32104,0.33388,92387399.0,2025-01-10 23:59:59.999000+00:00,30541394.06512,83738,45854779.0,15155891.90052,
2025-01-11 00:00:00+00:00,0.33385,0.34843,0.32955,0.34107,35500823.0,2025-01-11 23:59:59.999000+00:00,11989985.66883,33455,18316181.0,6187921.49893,
2025-01-12 00:00:00+00:00,0.34113,0.34334,0.33157,0.33559,31443967.0,2025-01-12 23:59:59.999000+00:00,10630350.74518,30439,15454052.0,5222749.20944,
2025-01-13 00:00:00+00:00,0.33581,0.34587,0.30929,0.33793,96678331.0,2025-01-13 23:59:59.999000+00:00,31396737.25061,88080,49208415.0,15978848.32682,
2025-01-14 00:00:00+00:00,0.33801,0.36196,0.33573,0.35582,81154298.0,2025-01-14 23:59:59.999000+00:00,28368441.7688,74879,41980523.0,14666940.0688,
2025-01-15 00:00:00+00:00,0.35582,0.38793,0.3482,0.38547,118015101.0,2025-01-15 23:59:59.999000+00:00,43218825.79355,111487,59779741.0,21906758.2093,
2025-01-16 00:00:00+00:00,0.3854,0.39,0.36733,0.37647,99624964.0,2025-01-16 23:59:59.999000+00:00,37732944.84326,104199,50031038.0,18971192.20919,
2025-01-17 00:00:00+00:00,0.37647,0.42191,0.37551,0.41541,156580135.0,2025-01-17 23:59:59.999000+00:00,64023394.05553,172697,83625589.0,34162587.49397,
2025-01-18 00:00:00+00:00,0.41543,0.4343,0.38359,0.39597,159365257.0,2025-01-18 23:59:59.999000+00:00,63971487.14365,194219,80117595.0,32169154.8432,
2025-01-19 00:00:00+00:00,0.39597,0.40951,0.34629,0.35783,262846676.0,2025-01-19 23:59:59.999000+00:00,99040726.32226,312002,123073370.0,46363293.57,
2025-01-20 00:00:00+00:00,0.3579,0.386,0.3444,0.35422,228743358.0,2025-01-20 23:59:59.999000+00:00,83280841.73768,294657,112676095.0,41040630.14689,
2025-01-21 00:00:00+00:00,0.35422,0.40194,0.33525,0.37181,223061971.0,2025-01-21 23:59:59.999000+00:00,83037347.24558,257193,109374633.0,40765247.17121,
2025-01-22 00:00:00+00:00,0.37175,0.37377,0.35515,0.36255,153363934.0,2025-01-22 23:59:59.999000+00:00,55977325.12436,202158,58852651.0,21464617.21764,
2025-01-23 00:00:00+00:00,0.36275,0.36428,0.34149,0.35205,91097569.0,2025-01-23 23:59:59.999000+00:00,32052877.87958,120137,43525997.0,15317294.85347,
2025-01-24 00:00:00+00:00,0.35234,0.36472,0.34277,0.35079,48673084.0,2025-01-24 23:59:59.999000+00:00,17339664.21414,58182,25002974.0,8915125.38124,
2025-01-25 00:00:00+00:00,0.35077,0.36171,0.3454,0.35349,43634324.0,2025-01-25 23:59:59.999000+00:00,15401055.91678,54674,20759792.0,7325094.86729,
2025-01-26 00:00:00+00:00,0.35345,0.35727,0.33491,0.33596,36955175.0,2025-01-26 23:59:59.999000+00:00,12876495.41522,43031,17466681.0,6082108.40955,
2025-01-27 00:00:00+00:00,0.33581,0.33702,0.3044,0.33396,132576533.0,2025-01-27 23:59:59.999000+00:00,42500085.10715,140115,63612406.0,20385682.17223,
2025-01-28 00:00:00+00:00,0.33403,0.33903,0.31495,0.31863,58087894.0,2025-01-28 23:59:59.999000+00:00,19127282.40471,61605,28862539.0,9507653.305,
2025-01-29 00:00:00+00:00,0.31854,0.33478,0.31676,0.32391,77172463.0,2025-01-29 23:59:59.999000+00:00,25230954.09691,78627,39894300.0,13044133.71181,
2025-01-30 00:00:00+00:00,0.32412,0.33879,0.32204,0.33138,40165914.0,2025-01-30 23:59:59.999000+00:00,13374042.17272,37646,20011065.0,6665941.26466,
2025-01-31 00:00:00+00:00,0.33173,0.34175,0.32335,0.32884,59732760.0,2025-01-31 23:59:59.999000+00:00,19838776.0121,58402,30716599.0,10205886.80794,
2025-02-01 00:00:00+00:00,0.32874,0.33217,0.30321,0.30801,60831953.0,2025-02-01 23:59:59.999000+00:00,19309881.56817,52086,29269404.0,9286885.20651,
2025-02-02 00:00:00+00:00,0.30767,0.31476,0.25,0.26801,321852646.0,2025-02-02 23:59:59.999000+00:00,89845720.44098,214602,161336535.0,45194473.61014,
2025-02-03 00:00:00+00:00,0.2681,0.29335,0.2015,0.28517,511136330.0,2025-02-03 23:59:59.999000+00:00,128349152.86762,381167,251866941.0,63342060.75391,
2025-02-04 00:00:00+00:00,0.28513,0.28923,0.25524,0.26354,172613458.0,2025-02-04 23:59:59.999000+00:00,46116993.16557,125159,83391520.0,22294091.74887,
2025-02-05 00:00:00+00:00,0.26367,0.26924,0.25265,0.2562,76302319.0,2025-02-05 23:59:59.999000+00:00,19981925.62192,56956,39173515.0,10262749.2176,
2025-02-06 00:00:00+00:00,0.25622,0.26602,0.24289,0.24789,87763010.0,2025-02-06 23:59:59.999000+00:00,22294310.6805,62998,42804347.0,10872055.25529,
2025-02-07 00:00:00+00:00,0.24793,0.26173,0.23867,0.24667,84994297.0,2025-02-07 23:59:59.999000+00:00,21349631.29065,63748,45166391.0,11346949.09982,
2025-02-08 00:00:00+00:00,0.24658,0.25419,0.24442,0.25292,34071233.0,2025-02-08 23:59:59.999000+00:00,8494067.30483,31781,16545311.0,4125792.12858,
2025-02-09 00:00:00+00:00,0.25306,0.26003,0.23981,0.24891,47233812.0,2025-02-09 23:59:59.999000+00:00,11858542.06769,41086,24114239.0,6059102.4036,
2025-02-10 00:00:00+00:00,0.24888,0.25644,0.24167,0.25548,53850147.0,2025-02-10 23:59:59.999000+00:00,13497230.34376,43518,27458579.0,6885634.30586,
2025-02-11 00:00:00+00:00,0.25541,0.27017,0.24841,0.25311,70928141.0,2025-02-11 23:59:59.999000+00:00,18425046.7403,51496,35444250.0,9199672.0352,
2025-02-12 00:00:00+00:00,0.25302,0.26756,0.24664,0.26424,71596632.0,2025-02-12 23:59:59.999000+00:00,18344867.78564,56474,36159993.0,9267125.53729,
2025-02-13 00:00:00+00:00,0.26426,0.2672,0.25344,0.26246,37902238.0,2025-02-13 23:59:59.999000+00:00,9840598.75206,37005,18785585.0,4876457.74858,
2025-02-14 00:00:00+00:00,0.26257,0.28679,0.26089,0.27184,73522040.0,2025-02-14 23:59:59.999000+00:00,20069142.53908,65030,37979895.0,10363614.98851,
2025-02-15 00:00:00+00:00,0.27191,0.2833,0.26831,0.27181,49784823.0,2025-02-15 23:59:59.999000+00:00,13711950.54473,47305,24102822.0,6640153.95232,
2025-02-16 00:00:00+00:00,0.27166,0.27423,0.26354,0.26576,29501344.0,2025-02-16 23:59:59.999000+00:00,7915337.0495,29152,13399425.0,3597487.62703,
2025-02-17 00:00:00+00:00,0.26555,0.26884,0.2538,0.25819,48132048.0,2025-02-17 23:59:59.999000+00:00,12573473.13152,44860,24831661.0,6490605.91217,
2025-02-18 00:00:00+00:00,0.25818,0.25988,0.24209,0.25126,57397402.0,2025-02-18 23:59:59.999000+00:00,14353802.782,49202,30606374.0,7657455.0399,
2025-02-19 00:00:00+00:00,0.25124,0.25538,0.24885,0.25481,26860644.0,2025-02-19 23:59:59.999000+00:00,6787544.62297,28756,13273600.0,3355402.63634,
2025-02-20 00:00:00+00:00,0.25485,0.25775,0.24996,0.2548,27357559.0,2025-02-20 23:59:59.999000+00:00,6953482.90167,28239,12987182.0,3302668.79959,
2025-02-21 00:00:00+00:00,0.25476,0.2613,0.23411,0.23946,63865433.0,2025-02-21 23:59:59.999000+00:00,15863571.4461,59483,31534797.0,7837047.30559,
2025-02-22 00:00:00+00:00,0.23959,0.24782,0.23799,0.24658,28500847.0,2025-02-22 23:59:59.999000+00:00,6959093.484,32814,13107479.0,3200279.23878,
2025-02-23 00:00:00+00:00,0.2467,0.24762,0.2404,0.24287,19250156.0,2025-02-23 23:59:59.999000+00:00,4690388.09207,21427,9423517.0,2296099.08383,
2025-02-24 00:00:00+00:00,0.24291,0.24399,0.20605,0.21045,93928230.0,2025-02-24 23:59:59.999000+00:00,20973508.93817,75547,44202946.0,9862402.33657,
2025-02-25 00:00:00+00:00,0.21042,0.21441,0.1955,0.21126,185674914.0,2025-02-25 23:59:59.999000+00:00,38143782.51721,122969,95038597.0,19520220.75358,
2025-02-26 00:00:00+00:00,0.21132,0.21381,0.19593,0.20316,109577122.0,2025-02-26 23:59:59.999000+00:00,22468006.42978,75754,56872662.0,11671305.48364,
2025-02-27 00:00:00+00:00,0.20333,0.21138,0.20074,0.20672,62437901.0,2025-02-27 23:59:59.999000+00:00,12903153.54882,43476,31113598.0,6432227.87457,
2025-02-28 00:00:00+00:00,0.20675,0.20704,0.18135,0.20182,170191468.0,2025-02-28 23:59:59.999000+00:00,32685254.55086,108263,82038709.0,15779386.63113,
2025-03-01 00:00:00+00:00,0.20178,0.20894,0.19819,0.20668,45127156.0,2025-03-01 23:59:59.999000+00:00,9193118.8505,32150,20875949.0,4250945.86219,
2025-03-02 00:00:00+00:00,0.20665,0.24237,0.20165,0.23942,160435903.0,2025-03-02 23:59:59.999000+00:00,35731439.8531,97021,82366204.0,18321786.08509,
2025-03-03 00:00:00+00:00,0.23936,0.24063,0.19316,0.19884,111912710.0,2025-03-03 23:59:59.999000+00:00,23947946.00632,76673,57111844.0,12238886.51277,
2025-03-04 00:00:00+00:00,0.19904,0.20229,0.18267,0.19905,199872533.0,2025-03-04 23:59:59.999000+00:00,38592486.56902,84196,98280951.0,18970918.68908,
2025-03-05 00:00:00+00:00,0.19905,0.20661,0.19632,0.20468,62051284.0,2025-03-05 23:59:59.999000+00:00,12512980.27444,43816,30252138.0,6098627.68297,
2025-03-06 00:00:00+00:00,0.20472,0.22012,0.19898,0.20152,94387832.0,2025-03-06 23:59:59.999000+00:00,19691683.72918,61242,46135230.0,9629446.40005,
2025-03-07 00:00:00+00:00,0.2015,0.2087,0.19022,0.19837,83425892.0,2025-03-07 23:59:59.999000+00:00,16792329.45695,64912,41480700.0,8348470.39297,
2025-03-08 00:00:00+00:00,0.19837,0.20083,0.19107,0.19224,39679021.0,2025-03-08 23:59:59.999000+00:00,7747033.78756,32572,21038993.0,4107983.75518,
2025-03-09 00:00:00+00:00,0.1923,0.1942,0.16526,0.16794,119248596.0,2025-03-09 23:59:59.999000+00:00,21203071.8886,64590,61920438.0,11081528.50306,
2025-03-10 00:00:00+00:00,0.16808,0.18102,0.15039,0.154,175864513.0,2025-03-10 23:59:59.999000+00:00,28943841.83392,88381,88786079.0,14627057.7929,
2025-03-11 00:00:00+00:00,0.15402,0.16856,0.14273,0.1645,212991076.0,2025-03-11 23:59:59.999000+00:00,33604955.20919,99808,107032255.0,16898257.80475,
2025-03-12 00:00:00+00:00,0.16455,0.17412,0.15948,0.17244,144866664.0,2025-03-12 23:59:59.999000+00:00,24177710.36295,74859,73333587.0,12239799.39543,
2025-03-13 00:00:00+00:00,0.17242,0.17293,0.16149,0.16515,111294000.0,2025-03-13 23:59:59.999000+00:00,18692575.71574,65693,55913250.0,9392961.50032,
2025-03-14 00:00:00+00:00,0.16519,0.17625,0.16456,0.17197,82856286.0,2025-03-14 23:59:59.999000+00:00,14150912.7104,49989,42210325.0,7207887.48267,
2025-03-15 00:00:00+00:00,0.17195,0.17788,0.17126,0.17597,45456872.0,2025-03-15 23:59:59.999000+00:00,7937894.48467,30920,22021858.0,3846412.95208,
2025-03-16 00:00:00+00:00,0.17598,0.17685,0.16571,0.16823,68401983.0,2025-03-16 23:59:59.999000+00:00,11642297.78065,45159,31491101.0,5361579.66749,
2025-03-17 00:00:00+00:00,0.1682,0.17619,0.16802,0.17337,79982564.0,2025-03-17 23:59:59.999000+00:00,13819111.43368,46523,41129954.0,7104440.70383,
2025-03-18 00:00:00+00:00,0.17337,0.17348,0.16268,0.168,61335618.0,2025-03-18 23:59:59.999000+00:00,10221185.38294,37491,29168528.0,4858300.39065,
2025-03-19 00:00:00+00:00,0.16806,0.17884,0.16678,0.17797,87941371.0,2025-03-19 23:59:59.999000+00:00,15096046.16513,56583,44350208.0,7615101.415,
2025-03-20 00:00:00+00:00,0.17807,0.17927,0.16656,0.16939,56800002.0,2025-03-20 23:59:59.999000+00:00,9800685.43514,47940,28349997.0,4892265.83397,
2025-03-21 00:00:00+00:00,0.16936,0.17147,0.16459,0.16722,39040726.0,2025-03-21 23:59:59.999000+00:00,6546588.82738,27048,19172533.0,3215081.90198,
2025-03-22 00:00:00+00:00,0.16716,0.16972,0.16653,0.16736,21788745.0,2025-03-22 23:59:59.999000+00:00,3670051.43856,15094,10855236.0,1828337.00443,
2025-03-23 00:00:00+00:00,0.16736,0.17261,0.16704,0.17261,40095535.0,2025-03-23 23:59:59.999000+00:00,6833087.84091,24321,19764866.0,3368370.67616,
2025-03-24 00:00:00+00:00,0.17262,0.18913,0.17068,0.18303,123678043.0,2025-03-24 23:59:59.999000+00:00,22391001.42015,67396,61120150.0,11068213.93986,
2025-03-25 00:00:00+00:00,0.183,0.19365,0.18087,0.19074,122886204.0,2025-03-25 23:59:59.999000+00:00,23133015.35698,69637,60059229.0,11314252.3876,
2025-03-26 00:00:00+00:00,0.19068,0.20587,0.1894,0.19488,173351946.0,2025-03-26 23:59:59.999000+00:00,34320720.22255,92157,85285819.0,16882300.21651,
2025-03-27 00:00:00+00:00,0.19494,0.20062,0.18761,0.1904,100055639.0,2025-03-27 23:59:59.999000+00:00,19366412.00333,58737,49874758.0,9649857.68277,
2025-03-28 00:00:00+00:00,0.19045,0.19283,0.17711,0.18017,125542568.0,2025-03-28 23:59:59.999000+00:00,22882363.07232,75220,59061950.0,10757778.52204,
2025-03-29 00:00:00+00:00,0.18013,0.18251,0.16578,0.16948,67695581.0,2025-03-29 23:59:59.999000+00:00,11661458.10494,50831,33028549.0,5687053.15223,
2025-03-30 00:00:00+00:00,0.16951,0.17236,0.16399,0.16645,68285623.0,2025-03-30 23:59:59.999000+00:00,11533089.08664,38959,30716441.0,5193568.25066,
2025-03-31 00:00:00+00:00,0.16656,0.16838,0.16004,0.16657,101784234.0,2025-03-31 23:59:59.999000+00:00,16790157.17008,55720,52128826.0,8601493.67907,
2025-04-01 00:00:00+00:00,0.1666,0.17574,0.16599,0.17403,116615574.0,2025-04-01 23:59:59.999000+00:00,20007708.55562,70841,55291125.0,9476236.2553,
2025-04-02 00:00:00+00:00,0.17401,0.18004,0.16192,0.1638,168632084.0,2025-04-02 23:59:59.999000+00:00,28969313.02279,100856,84888877.0,14582090.15373,
2025-04-03 00:00:00+00:00,0.1638,0.16743,0.1553,0.16225,127163429.0,2025-04-03 23:59:59.999000+00:00,20502356.4112,62974,64337749.0,10382598.41008,
2025-04-04 00:00:00+00:00,0.16226,0.17278,0.1599,0.17122,153214245.0,2025-04-04 23:59:59.999000+00:00,25495908.02177,89458,79797445.0,13292773.07671,
2025-04-05 00:00:00+00:00,0.17121,0.17161,0.16605,0.16892,37691420.0,2025-04-05 23:59:59.999000+00:00,6357199.92213,24750,17355355.0,2927849.94653,
2025-04-06 00:00:00+00:00,0.16895,0.16995,0.14569,0.14911,160324401.0,2025-04-06 23:59:59.999000+00:00,24868638.72204,85812,75701150.0,11695310.07163,
2025-04-07 00:00:00+00:00,0.14916,0.15398,0.12975,0.14945,403409703.0,2025-04-07 23:59:59.999000+00:00,57609492.36008,195756,197062435.0,28154267.00693,
2025-04-08 00:00:00+00:00,0.14948,0.157,0.14097,0.14215,177139731.0,2025-04-08 23:59:59.999000+00:00,26383842.68714,89687,87453135.0,13026879.8855,
2025-04-09 00:00:00+00:00,0.14216,0.16421,0.13642,0.16027,302209339.0,2025-04-09 23:59:59.999000+00:00,45154783.12294,142323,156109719.0,23311554.82476,
2025-04-10 00:00:00+00:00,0.16026,0.16042,0.14875,0.15348,141127539.0,2025-04-10 23:59:59.999000+00:00,21784654.67925,64576,68111833.0,10511146.26392,
2025-04-11 00:00:00+00:00,0.15344,0.1624,0.1532,0.15998,84255130.0,2025-04-11 23:59:59.999000+00:00,13317115.21055,43048,43219786.0,6831604.41859,
2025-04-12 00:00:00+00:00,0.15997,0.16947,0.15763,0.16769,75964748.0,2025-04-12 23:59:59.999000+00:00,12486875.65447,41412,39465508.0,6487696.09237,
2025-04-13 00:00:00+00:00,0.16766,0.16866,0.16096,0.16252,93150188.0,2025-04-13 23:59:59.999000+00:00,15308199.09738,49118,44743606.0,7352487.20456,
2025-04-14 00:00:00+00:00,0.1626,0.16954,0.15732,0.15848,89823005.0,2025-04-14 23:59:59.999000+00:00,14678972.56654,51648,41886443.0,6850534.53102,
2025-04-15 00:00:00+00:00,0.15861,0.16134,0.15311,0.15357,60142245.0,2025-04-15 23:59:59.999000+00:00,9480514.92231,34246,29039476.0,4577390.54346,
2025-04-16 00:00:00+00:00,0.1535,0.15741,0.15016,0.1547,67207320.0,2025-04-16 23:59:59.999000+00:00,10363470.2745,42403,32660829.0,5036565.83325,
2025-04-17 00:00:00+00:00,0.15469,0.15943,0.15298,0.15586,52382073.0,2025-04-17 23:59:59.999000+00:00,8198865.52129,30062,26046538.0,4078424.85043,
2025-04-18 00:00:00+00:00,0.15589,0.15892,0.15359,0.15763,36893998.0,2025-04-18 23:59:59.999000+00:00,5761225.51871,22162,18884580.0,2950720.86958,
2025-04-19 00:00:00+00:00,0.15758,0.16088,0.15624,0.15725,34972203.0,2025-04-19 23:59:59.999000+00:00,5534477.19717,18524,16510999.0,2612889.68669,
2025-04-20 00:00:00+00:00,0.15732,0.15953,0.15248,0.15533,42649539.0,2025-04-20 23:59:59.999000+00:00,6628895.60257,24946,19305966.0,3002417.17913,
2025-04-21 00:00:00+00:00,0.15528,0.1636,0.15501,0.15939,81799866.0,2025-04-21 23:59:59.999000+00:00,13080655.74016,45146,44166357.0,7061046.7244,
2025-04-22 00:00:00+00:00,0.1594,0.18,0.15721,0.17877,185108123.0,2025-04-22 23:59:59.999000+00:00,31467280.99668,82529,70504315.0,11964034.49209,
2025-04-23 00:00:00+00:00,0.1788,0.18554,0.17491,0.17876,130509244.0,2025-04-23 23:59:59.999000+00:00,23575951.91326,79683,62831622.0,11350568.39945,
2025-04-24 00:00:00+00:00,0.17868,0.18338,0.16983,0.18265,113517234.0,2025-04-24 23:59:59.999000+00:00,20112089.26721,76494,55299240.0,9805044.99276,
2025-04-25 00:00:00+00:00,0.18263,0.18636,0.17757,0.1817,134820682.0,2025-04-25 23:59:59.999000+00:00,24558695.44741,104500,66224800.0,12066889.59836,
2025-04-26 00:00:00+00:00,0.18174,0.19309,0.18023,0.18197,116864779.0,2025-04-26 23:59:59.999000+00:00,21645791.00014,91352,52384917.0,9682206.20704,
2025-04-27 00:00:00+00:00,0.182,0.18356,0.17656,0.1794,78643842.0,2025-04-27 23:59:59.999000+00:00,14194110.32164,72913,37441715.0,6761517.26399,
2025-04-28 00:00:00+00:00,0.17942,0.18281,0.17386,0.17898,100955566.0,2025-04-28 23:59:59.999000+00:00,18030350.74902,101311,46721980.0,8350198.93731,
2025-04-29 00:00:00+00:00,0.17914,0.18076,0.17246,0.17469,82162642.0,2025-04-29 23:59:59.999000+00:00,14634138.80953,71350,42067938.0,7503700.03324,
2025-04-30 00:00:00+00:00,0.17468,0.17668,0.16682,0.17224,68542509.0,2025-04-30 23:59:59.999000+00:00,11827168.47144,73643,33088710.0,5716471.66726,
2025-05-01 00:00:00+00:00,0.17226,0.18341,0.17208,0.18075,99673924.0,2025-05-01 23:59:59.999000+00:00,17839345.95525,79990,54341449.0,9724516.06205,
2025-05-02 00:00:00+00:00,0.18069,0.18451,0.17922,0.1816,79669441.0,2025-05-02 23:59:59.999000+00:00,14464148.48072,61780,40302336.0,7317645.21154,
2025-05-03 00:00:00+00:00,0.18159,0.18228,0.17531,0.17574,48032051.0,2025-05-03 23:59:59.999000+00:00,8569580.3324,38743,20849403.0,3721926.5446,
2025-05-04 00:00:00+00:00,0.17571,0.17744,0.16985,0.17053,52428055.0,2025-05-04 23:59:59.999000+00:00,9097578.5519,44137,24560857.0,4264079.69792,
2025-05-05 00:00:00+00:00,0.17052,0.17466,0.16823,0.17056,61474434.0,2025-05-05 23:59:59.999000+00:00,10521621.98328,62196,27342297.0,4681439.59465,
2025-05-06 00:00:00+00:00,0.17058,0.17256,0.16423,0.17217,83615436.0,2025-05-06 23:59:59.999000+00:00,14033697.25095,70537,41150732.0,6909773.06112,
2025-05-07 00:00:00+00:00,0.1722,0.17443,0.16904,0.17203,79739144.0,2025-05-07 23:59:59.999000+00:00,13699572.09978,71945,39379558.0,6767053.52092,
2025-05-08 00:00:00+00:00,0.17206,0.19839,0.17176,0.19822,156294794.0,2025-05-08 23:59:59.999000+00:00,29083505.43019,116885,79543213.0,14803214.88893,
2025-05-09 00:00:00+00:00,0.19811,0.2145,0.19297,0.20531,203943599.0,2025-05-09 23:59:59.999000+00:00,41680752.19961,160334,98996437.0,20211232.11177,
2025-05-10 00:00:00+00:00,0.20532,0.25109,0.20341,0.25071,247852787.0,2025-05-10 23:59:59.999000+00:00,56552372.67734,227434,124172935.0,28325730.53434,
2025-05-11 00:00:00+00:00,0.25064,0.25976,0.22202,0.23186,259063920.0,2025-05-11 23:59:59.999000+00:00,61031626.04726,250567,126253653.0,29741720.58471,
2025-05-12 00:00:00+00:00,0.23188,0.25351,0.22,0.23102,414982336.0,2025-05-12 23:59:59.999000+00:00,98869334.55836,436699,215590964.0,51407352.20371,
2025-05-13 00:00:00+00:00,0.23106,0.24314,0.21737,0.24084,261890645.0,2025-05-13 23:59:59.999000+00:00,60503645.644,279574,120384034.0,27791508.78222,
2025-05-14 00:00:00+00:00,0.2408,0.24756,0.22823,0.23283,161615670.0,2025-05-14 23:59:59.999000+00:00,38210715.22921,211745,81014291.0,19172755.54428,
2025-05-15 00:00:00+00:00,0.23285,0.23682,0.2135,0.21949,246769420.0,2025-05-15 23:59:59.999000+00:00,55343643.37523,246085,120077202.0,26925722.50695,
2025-05-16 00:00:00+00:00,0.21949,0.23099,0.21803,0.22121,119399957.0,2025-05-16 23:59:59.999000+00:00,26924597.78115,150362,63637675.0,14363732.86349,
2025-05-17 00:00:00+00:00,0.22122,0.22232,0.21085,0.21466,105908979.0,2025-05-17 23:59:59.999000+00:00,22882480.29071,124828,54404653.0,11752902.68066,
2025-05-18 00:00:00+00:00,0.21469,0.2378,0.2141,0.23316,205606313.0,2025-05-18 23:59:59.999000+00:00,46586474.85383,209182,104790407.0,23766047.57546,
2025-05-19 00:00:00+00:00,0.23325,0.23589,0.21393,0.22453,197342232.0,2025-05-19 23:59:59.999000+00:00,43733877.54807,196893,98647065.0,21904878.12304,
2025-05-20 00:00:00+00:00,0.22457,0.23085,0.21777,0.22633,203439810.0,2025-05-20 23:59:59.999000+00:00,45447388.64025,169022,105256848.0,23508186.71784,
2025-05-21 00:00:00+00:00,0.22638,0.23823,0.2228,0.23411,291170183.0,2025-05-21 23:59:59.999000+00:00,66875691.12319,239172,150634323.0,34627605.75811,
2025-05-22 00:00:00+00:00,0.23415,0.24582,0.23395,0.24564,208422237.0,2025-05-22 23:59:59.999000+00:00,50213240.36514,197867,109059106.0,26266468.04393,
2025-05-23 00:00:00+00:00,0.24568,0.2544,0.22313,0.22528,284736171.0,2025-05-23 23:59:59.999000+00:00,68091954.73373,270270,135880566.0,32540921.34756,
2025-05-24 00:00:00+00:00,0.22525,0.23049,0.22363,0.2252,106678862.0,2025-05-24 23:59:59.999000+00:00,24287515.57017,118357,48145385.0,10955278.13657,
2025-05-25 00:00:00+00:00,0.22522,0.22653,0.21577,0.22501,133964087.0,2025-05-25 23:59:59.999000+00:00,29547371.65664,120683,67634167.0,14924269.35903,
2025-05-26 00:00:00+00:00,0.22505,0.2305,0.22258,0.22606,109059001.0,2025-05-26 23:59:59.999000+00:00,24700555.44706,115645,53474949.0,12111130.58972,
2025-05-27 00:00:00+00:00,0.22607,0.23219,0.21973,0.22613,120485189.0,2025-05-27 23:59:59.999000+00:00,27383748.56911,137613,62999728.0,14326810.04737,
2025-05-28 00:00:00+00:00,0.22612,0.22797,0.21685,0.22104,117621552.0,2025-05-28 23:59:59.999000+00:00,26012508.05897,101839,57343497.0,12681161.37046,
2025-05-29 00:00:00+00:00,0.22104,0.22801,0.21408,0.21491,156367587.0,2025-05-29 23:59:59.999000+00:00,34675423.17994,119545,77965880.0,17297095.81146,
2025-05-30 00:00:00+00:00,0.21488,0.21647,0.19065,0.19367,273202525.0,2025-05-30 23:59:59.999000+00:00,55262854.84097,185204,132577301.0,26823474.1997,
2025-05-31 00:00:00+00:00,0.19369,0.1957,0.18563,0.19259,190191116.0,2025-05-31 23:59:59.999000+00:00,36280519.43601,121088,93489310.0,17838687.45184,
2025-06-01 00:00:00+00:00,0.19261,0.195,0.18657,0.19374,103243439.0,2025-06-01 23:59:59.999000+00:00,19711327.81575,79356,49063258.0,9376905.40807,
2025-06-02 00:00:00+00:00,0.19376,0.1965,0.18862,0.19518,131938979.0,2025-06-02 23:59:59.999000+00:00,25282058.83923,92536,63180368.0,12109877.64289,
2025-06-03 00:00:00+00:00,0.19522,0.20064,0.19156,0.19325,108740769.0,2025-06-03 23:59:59.999000+00:00,21319633.87358,80036,53882541.0,10560878.94493,
2025-06-04 00:00:00+00:00,0.19323,0.19722,0.18717,0.18823,91163997.0,2025-06-04 23:59:59.999000+00:00,17561337.28186,66169,44539428.0,8581173.23892,
2025-06-05 00:00:00+00:00,0.18821,0.19257,0.16804,0.17117,245855359.0,2025-06-05 23:59:59.999000+00:00,44139619.84349,131557,114738715.0,20606320.23132,
2025-06-06 00:00:00+00:00,0.17117,0.18459,0.16951,0.17892,125540098.0,2025-06-06 23:59:59.999000+00:00,22239185.20815,99906,59623025.0,10568091.1786,
2025-06-07 00:00:00+00:00,0.17893,0.1888,0.17794,0.18522,70928620.0,2025-06-07 23:59:59.999000+00:00,13088206.79471,75879,36269113.0,6696147.24917,
2025-06-08 00:00:00+00:00,0.18522,0.1871,0.18057,0.18426,83496357.0,2025-06-08 23:59:59.999000+00:00,15361562.92085,77399,45249658.0,8326560.85782,
2025-06-09 00:00:00+00:00,0.18426,0.19624,0.18032,0.19497,108794001.0,2025-06-09 23:59:59.999000+00:00,20325661.46841,93615,58590505.0,10959252.86106,
2025-06-10 00:00:00+00:00,0.195,0.19861,0.18889,0.19856,145183227.0,2025-06-10 23:59:59.999000+00:00,28111387.45999,129437,76781189.0,14879700.54175,
2025-06-11 00:00:00+00:00,0.19856,0.20671,0.19134,0.19303,162223881.0,2025-06-11 23:59:59.999000+00:00,32303759.44762,157354,81357466.0,16212305.88103,
2025-06-12 00:00:00+00:00,0.19301,0.19374,0.18002,0.1812,124263657.0,2025-06-12 23:59:59.999000+00:00,23240779.31578,115973,60285639.0,11280485.64988,
2025-06-13 00:00:00+00:00,0.18119,0.18154,0.17004,0.18049,223470858.0,2025-06-13 23:59:59.999000+00:00,39138994.09444,168794,103325668.0,18098233.08352,
2025-06-14 00:00:00+00:00,0.1805,0.1805,0.17467,0.17836,66894200.0,2025-06-14 23:59:59.999000+00:00,11861715.01246,62670,33860614.0,6004461.82145,
2025-06-15 00:00:00+00:00,0.17835,0.17877,0.17142,0.17556,89911690.0,2025-06-15 23:59:59.999000+00:00,15749373.81783,75230,43798600.0,7665944.75308,
2025-06-16 00:00:00+00:00,0.17556,0.18122,0.17222,0.17279,142454182.0,2025-06-16 23:59:59.999000+00:00,25265717.7569,101672,67674126.0,12003688.69334,
2025-06-17 00:00:00+00:00,0.1728,0.17616,0.16396,0.16938,193688049.0,2025-06-17 23:59:59.999000+00:00,32923017.05076,130027,92570319.0,15737092.53969,
2025-06-18 00:00:00+00:00,0.16939,0.17227,0.16382,0.17071,125111425.0,2025-06-18 23:59:59.999000+00:00,21056860.62381,97748,60786526.0,10233074.06329,
2025-06-19 00:00:00+00:00,0.17073,0.17207,0.1678,0.17097,61333743.0,2025-06-19 23:59:59.999000+00:00,10426082.67056,50712,31695241.0,5387691.69583,
2025-06-20 00:00:00+00:00,0.17098,0.17199,0.15841,0.16236,117182324.0,2025-06-20 23:59:59.999000+00:00,19333687.4012,71157,53398863.0,8808999.04612,
2025-06-21 00:00:00+00:00,0.16236,0.16437,0.1503,0.15456,128803542.0,2025-06-21 23:59:59.999000+00:00,20229829.06927,54228,61154342.0,9607874.78306,
2025-06-22 00:00:00+00:00,0.15458,0.15776,0.14275,0.15137,255213409.0,2025-06-22 23:59:59.999000+00:00,38327022.88563,117156,127079100.0,19083804.55312,
2025-06-23 00:00:00+00:00,0.15134,0.16541,0.14868,0.16392,172807608.0,2025-06-23 23:59:59.999000+00:00,26933906.12545,94113,86788379.0,13538257.90205,
2025-06-24 00:00:00+00:00,0.16388,0.16777,0.16174,0.16579,112768306.0,2025-06-24 23:59:59.999000+00:00,18519344.25643,69754,56190167.0,9229189.37272,
2025-06-25 00:00:00+00:00,0.1658,0.16777,0.16263,0.16465,61258859.0,2025-06-25 23:59:59.999000+00:00,10135130.84501,51272,28437804.0,4705722.61134,
2025-06-26 00:00:00+00:00,0.16468,0.16818,0.15799,0.16008,101322761.0,2025-06-26 23:59:59.999000+00:00,16397802.36403,60715,47782158.0,7733908.35868,
2025-06-27 00:00:00+00:00,0.16009,0.16315,0.15713,0.16111,71956563.0,2025-06-27 23:59:59.999000+00:00,11541803.32792,57658,32395743.0,5198525.1516,
2025-06-28 00:00:00+00:00,0.16111,0.16507,0.16048,0.16371,33959674.0,2025-06-28 23:59:59.999000+00:00,5527849.43213,27998,16625336.0,2706631.28177,
2025-06-29 00:00:00+00:00,0.16371,0.17008,0.16267,0.16952,50749364.0,2025-06-29 23:59:59.999000+00:00,8431260.83546,37169,27314187.0,4540839.04673,
2025-06-30 00:00:00+00:00,0.16951,0.16998,0.16227,0.1652,85317192.0,2025-06-30 23:59:59.999000+00:00,14140077.34467,64874,39890635.0,6615336.17929,
2025-07-01 00:00:00+00:00,0.16522,0.16633,0.15676,0.15781,74100376.0,2025-07-01 23:59:59.999000+00:00,11900979.51269,55230,32821775.0,5273232.8811,
2025-07-02 00:00:00+00:00,0.15781,0.17277,0.15657,0.16876,106661034.0,2025-07-02 23:59:59.999000+00:00,17854560.69829,75942,57489417.0,9639915.27614,
2025-07-03 00:00:00+00:00,0.16878,0.1755,0.16741,0.17207,99009711.0,2025-07-03 23:59:59.999000+00:00,17062283.08539,73810,50692758.0,8741413.13352,
2025-07-04 00:00:00+00:00,0.17206,0.17302,0.16133,0.16293,74206293.0,2025-07-04 23:59:59.999000+00:00,12294613.80299,64012,33392885.0,5530076.74652,
2025-07-05 00:00:00+00:00,0.16293,0.16513,0.162,0.16425,30156400.0,2025-07-05 23:59:59.999000+00:00,4936906.07136,32082,12839844.0,2102176.98984,
2025-07-06 00:00:00+00:00,0.16428,0.17528,0.16317,0.17199,78681636.0,2025-07-06 23:59:59.999000+00:00,13360253.49735,67710,42214631.0,7171383.86382,
2025-07-07 00:00:00+00:00,0.17199,0.17722,0.16573,0.16794,113095330.0,2025-07-07 23:59:59.999000+00:00,19308693.2897,81996,54186350.0,9272295.1553,
2025-07-08 00:00:00+00:00,0.16795,0.17202,0.16593,0.17097,65546866.0,2025-07-08 23:59:59.999000+00:00,11106590.62667,54594,32291391.0,5476303.68673,
2025-07-09 00:00:00+00:00,0.17097,0.18663,0.16998,0.18059,133725113.0,2025-07-09 23:59:59.999000+00:00,23680145.95667,100636,77848229.0,13795111.52527,
2025-07-10 00:00:00+00:00,0.1806,0.19641,0.17883,0.19512,157703635.0,2025-07-10 23:59:59.999000+00:00,29153371.42579,114498,79386854.0,14719660.99451,
2025-07-11 00:00:00+00:00,0.19512,0.21408,0.19124,0.20113,262748102.0,2025-07-11 23:59:59.999000+00:00,53351140.97064,261961,137137939.0,27858828.59935,
2025-07-12 00:00:00+00:00,0.20113,0.2066,0.19199,0.19749,88596948.0,2025-07-12 23:59:59.999000+00:00,17572226.11755,116209,41680318.0,8263476.78569,
2025-07-13 00:00:00+00:00,0.19746,0.20424,0.19585,0.19862,113749732.0,2025-07-13 23:59:59.999000+00:00,22731136.49341,112397,54820471.0,10963884.65044,
2025-07-14 00:00:00+00:00,0.19864,0.21093,0.19467,0.19752,164019025.0,2025-07-14 23:59:59.999000+00:00,33338437.44388,169693,96748510.0,19664962.76373,
2025-07-15 00:00:00+00:00,0.19751,0.19936,0.18849,0.19924,138013477.0,2025-07-15 23:59:59.999000+00:00,26647812.59057,136889,70873575.0,13681898.01568,
2025-07-16 00:00:00+00:00,0.19922,0.2208,0.19554,0.21281,175104565.0,2025-07-16 23:59:59.999000+00:00,36193739.2642,178164,91701582.0,18950989.79657,
2025-07-17 00:00:00+00:00,0.21284,0.22248,0.20673,0.21839,402184974.0,2025-07-17 23:59:59.999000+00:00,86151135.2138,284926,190750531.0,40897853.25753,
2025-07-18 00:00:00+00:00,0.2184,0.25434,0.21637,0.23594,491293794.0,2025-07-18 23:59:59.999000+00:00,117264565.96829,452339,260081067.0,62009494.15354,
2025-07-19 00:00:00+00:00,0.23595,0.25807,0.23572,0.24155,270327030.0,2025-07-19 23:59:59.999000+00:00,66888316.22014,278311,134471648.0,33312159.24035,
2025-07-20 00:00:00+00:00,0.24155,0.27838,0.24013,0.27397,479629103.0,2025-07-20 23:59:59.999000+00:00,125343338.5583,420038,249529184.0,65146328.74252,
2025-07-21 00:00:00+00:00,0.2739,0.28766,0.25625,0.27152,455433576.0,2025-07-21 23:59:59.999000+00:00,125127575.3532,415498,225148415.0,61855980.55825,
2025-07-22 00:00:00+00:00,0.27163,0.27493,0.25758,0.27106,307761505.0,2025-07-22 23:59:59.999000+00:00,81800872.99812,286756,157606719.0,41927917.51054,
2025-07-23 00:00:00+00:00,0.27108,0.27124,0.23069,0.24084,306451043.0,2025-07-23 23:59:59.999000+00:00,76235696.17355,282323,150235521.0,37345502.71407,
2025-07-24 00:00:00+00:00,0.24088,0.24679,0.2218,0.23228,289990918.0,2025-07-24 23:59:59.999000+00:00,68475468.72703,291234,137497972.0,32502909.24845,
2025-07-25 00:00:00+00:00,0.23229,0.23703,0.22075,0.23676,244573998.0,2025-07-25 23:59:59.999000+00:00,55849070.04282,234647,123054680.0,28164118.40461,
2025-07-26 00:00:00+00:00,0.2368,0.24038,0.23302,0.23552,109695523.0,2025-07-26 23:59:59.999000+00:00,26018914.61253,93609,58649869.0,13907611.36996,
2025-07-27 00:00:00+00:00,0.23552,0.24387,0.23441,0.2408,130919782.0,2025-07-27 23:59:59.999000+00:00,31298939.50035,127364,58550581.0,14006520.56839,
2025-07-28 00:00:00+00:00,0.2408,0.24862,0.2243,0.22622,158107525.0,2025-07-28 23:59:59.999000+00:00,37428204.95505,180608,73367901.0,17411727.73346,
2025-07-29 00:00:00+00:00,0.2262,0.23279,0.21743,0.22392,149289330.0,2025-07-29 23:59:59.999000+00:00,33647424.44676,149604,72329071.0,16288729.50918,
2025-07-30 00:00:00+00:00,0.22391,0.2265,0.209,0.22001,219314012.0,2025-07-30 23:59:59.999000+00:00,47950367.83272,171640,106525447.0,23302230.83907,
2025-07-31 00:00:00+00:00,0.21999,0.2257,0.2081,0.20971,141115242.0,2025-07-31 23:59:59.999000+00:00,30715460.15983,116405,56805817.0,12369140.19152,
2025-08-01 00:00:00+00:00,0.20972,0.21248,0.19563,0.20094,271295022.0,2025-08-01 23:59:59.999000+00:00,55707705.27614,208177,127508991.0,26213920.78638,
2025-08-02 00:00:00+00:00,0.20092,0.20343,0.18946,0.19099,159223902.0,2025-08-02 23:59:59.999000+00:00,31274021.16497,118406,73954778.0,14529712.68348,
2025-08-03 00:00:00+00:00,0.191,0.20049,0.18858,0.19878,99585048.0,2025-08-03 23:59:59.999000+00:00,19607354.64851,75126,49055400.0,9659983.61937,
2025-08-04 00:00:00+00:00,0.1988,0.21128,0.19854,0.21041,130808673.0,2025-08-04 23:59:59.999000+00:00,26734671.71827,96532,63914785.0,13059209.85261,
2025-08-05 00:00:00+00:00,0.21042,0.21108,0.196,0.19983,134531743.0,2025-08-05 23:59:59.999000+00:00,27338181.96295,107000,65991195.0,13379545.31189,
2025-08-06 00:00:00+00:00,0.19984,0.20718,0.1956,0.20531,101196382.0,2025-08-06 23:59:59.999000+00:00,20402422.69071,96360,46088404.0,9292486.91084,
2025-08-07 00:00:00+00:00,0.2053,0.22315,0.20336,0.22235,156609195.0,2025-08-07 23:59:59.999000+00:00,33481532.62899,118958,79206565.0,16930137.84282,
2025-08-08 00:00:00+00:00,0.22235,0.23257,0.21962,0.23049,207883888.0,2025-08-08 23:59:59.999000+00:00,46677777.80271,184578,100211416.0,22497346.7516,
2025-08-09 00:00:00+00:00,0.23045,0.24681,0.22981,0.24001,236260372.0,2025-08-09 23:59:59.999000+00:00,56515916.62813,195577,117158295.0,28023994.48608,
2025-08-10 00:00:00+00:00,0.24004,0.24353,0.22938,0.23391,130960173.0,2025-08-10 23:59:59.999000+00:00,30779475.51155,128704,63830627.0,14992339.10555,
2025-08-11 00:00:00+00:00,0.23393,0.2418,0.22122,0.22212,165746735.0,2025-08-11 23:59:59.999000+00:00,38409520.3478,175149,76841713.0,17788781.04001,
2025-08-12 00:00:00+00:00,0.22211,0.23839,0.21872,0.23577,179012353.0,2025-08-12 23:59:59.999000+00:00,40955542.96596,172940,87936362.0,20132746.50288,
2025-08-13 00:00:00+00:00,0.23579,0.25059,0.23136,0.24495,268882589.0,2025-08-13 23:59:59.999000+00:00,65442444.83047,240448,136454844.0,33193146.32526,
2025-08-14 00:00:00+00:00,0.24497,0.25586,0.21588,0.22396,281120938.0,2025-08-14 23:59:59.999000+00:00,65749310.65814,288788,136046705.0,31909663.72568,
2025-08-15 00:00:00+00:00,0.22399,0.23322,0.22017,0.22898,183630143.0,2025-08-15 23:59:59.999000+00:00,41762226.27358,198285,90622974.0,20609145.55469,
2025-08-16 00:00:00+00:00,0.22897,0.23642,0.2254,0.23132,126090813.0,2025-08-16 23:59:59.999000+00:00,29132690.50387,145355,64884829.0,14985558.59467,
2025-08-17 00:00:00+00:00,0.23131,0.24272,0.22857,0.23469,138944849.0,2025-08-17 23:59:59.999000+00:00,32649175.83133,150500,69631761.0,16369498.39889,
2025-08-18 00:00:00+00:00,0.2347,0.2357,0.22002,0.22275,212040665.0,2025-08-18 23:59:59.999000+00:00,47591037.70431,218526,107726878.0,24178139.9686,
2025-08-19 00:00:00+00:00,0.22278,0.22584,0.20868,0.2095,257440145.0,2025-08-19 23:59:59.999000+00:00,55846254.05969,249262,121296820.0,26298816.58202,
2025-08-20 00:00:00+00:00,0.20943,0.2229,0.20764,0.22168,170135192.0,2025-08-20 23:59:59.999000+00:00,36417999.17833,147693,90029128.0,19270017.23836,
2025-08-21 00:00:00+00:00,0.22172,0.22451,0.21382,0.21473,76998007.0,2025-08-21 23:59:59.999000+00:00,16830637.05961,96043,38998214.0,8530568.44049,
2025-08-22 00:00:00+00:00,0.21472,0.24219,0.20824,0.2405,243782700.0,2025-08-22 23:59:59.999000+00:00,55287417.55084,217422,131015601.0,29795017.35592,
2025-08-23 00:00:00+00:00,0.24052,0.24083,0.22893,0.23623,92222668.0,2025-08-23 23:59:59.999000+00:00,21764094.9381,95670,48197270.0,11379383.93988,
2025-08-24 00:00:00+00:00,0.23624,0.24496,0.2275,0.23185,145745353.0,2025-08-24 23:59:59.999000+00:00,34150333.55329,148031,72127348.0,16909625.29969,
2025-08-25 00:00:00+00:00,0.23181,0.23479,0.20561,0.20966,181902182.0,2025-08-25 23:59:59.999000+00:00,39759928.29575,161356,81652941.0,17903295.68445,
2025-08-26 00:00:00+00:00,0.20969,0.22006,0.2072,0.2184,110550241.0,2025-08-26 23:59:59.999000+00:00,23541345.56995,97943,53951349.0,11495985.40347,
2025-08-27 00:00:00+00:00,0.21843,0.22391,0.21608,0.21892,121843755.0,2025-08-27 23:59:59.999000+00:00,26870886.96276,105684,61930460.0,13658893.23814,
2025-08-28 00:00:00+00:00,0.2189,0.22599,0.2167,0.22444,100023009.0,2025-08-28 23:59:59.999000+00:00,22275894.93753,83264,55656333.0,12402693.18951,
2025-08-29 00:00:00+00:00,0.22443,0.22554,0.2098,0.21395,120828215.0,2025-08-29 23:59:59.999000+00:00,26067483.52473,109690,59689429.0,12877332.4768,
2025-08-30 00:00:00+00:00,0.21396,0.21888,0.21135,0.21599,51409351.0,2025-08-30 23:59:59.999000+00:00,11081849.17135,51601,26878211.0,5798450.03859,
2025-08-31 00:00:00+00:00,0.216,0.22134,0.21325,0.21375,44353893.0,2025-08-31 23:59:59.999000+00:00,9656500.99679,48813,22392752.0,4877145.1633,
2025-09-01 00:00:00+00:00,0.21373,0.21989,0.2048,0.21075,128372410.0,2025-09-01 23:59:59.999000+00:00,27222148.49676,121363,60942830.0,12948873.3725,
2025-09-02 00:00:00+00:00,0.21076,0.21557,0.20662,0.2149,101899901.0,2025-09-02 23:59:59.999000+00:00,21615151.15033,94394,51038156.0,10824741.5894,
2025-09-03 00:00:00+00:00,0.21491,0.21727,0.21254,0.21689,26405329.0,2025-09-03 23:59:59.999000+00:00,5682964.44766,27693,12925302.0,2781926.54967,
2025-09-04 00:00:00+00:00,0.22061,0.22116,0.213,0.21377,9142682.0,2025-09-04 23:59:59.999000,1977287.58498,1810,4813322.0,1040013.00584,0.0
2025-09-05 00:00:00+00:00,0.21243,0.221,0.21189,0.218,136729053.0,2025-09-05 23:59:59.999000,29619075.62761,97953,67678067.0,14663875.73359,0.0
2025-09-06 00:00:00+00:00,0.21789,0.21891,0.21525,0.21546,9443098.0,2025-09-06 23:59:59.999000,2051489.32464,11366,4737616.00000000,1029777.11758000,0
